epoch,train_loss,val_loss,val_acc,val_macro_f1,lr
1,3.1398494176823517,1.712449073791504,0.5522388219833374,0.4739406072739406,0.0004969220851487845
2,1.087767481803894,1.485917329788208,0.5820895433425903,0.5602648269722933,0.0004877641290737887
3,0.8842483532839808,0.5912762880325317,0.7761194109916687,0.7661991613402271,0.0004727516310470921
4,0.6407607382741468,0.5630199313163757,0.8557214140892029,0.8169996382618365,0.0004522542485937372
5,0.528296123290884,0.5476011633872986,0.8407959938049316,0.8168077779366769,0.0004267766952966373
6,0.5801153229228382,0.5609806776046753,0.8258706331253052,0.7909574499276029,0.0003969463130731187
7,0.41370426169757185,0.6246792674064636,0.8308457732200623,0.7934847670963301,0.00036349762493488705
8,0.3809626752446438,0.4634251594543457,0.8656716346740723,0.8409469891773396,0.00032725424859373736
9,0.2719769237627243,0.48561492562294006,0.8457711338996887,0.8245883658133255,0.0002891086162600581
10,0.258839038682395,0.40127629041671753,0.9054726362228394,0.8793134378981515,0.00025000000000000044
11,0.26068749368704597,0.5496948957443237,0.8557214140892029,0.8309937888198758,0.00021089138373994262
12,0.2759028899258581,0.2821938097476959,0.89552241563797,0.8795665863244523,0.00017274575140626346
13,0.21244615547615905,0.3000873923301697,0.9104477763175964,0.8944907902554962,0.00013650237506511356
14,0.17922028147711835,0.2948916554450989,0.9154228568077087,0.9008725021108923,0.00010305368692688193
15,0.22429640578298732,0.29157695174217224,0.9004974961280823,0.8837757525113125,7.322330470336328e-05
16,0.19318133476993132,0.27058789134025574,0.9104477763175964,0.8987556661940832,4.774575140626327e-05
17,0.18807658180594444,0.2768751382827759,0.9104477763175964,0.8975060471090955,2.7248368952908106e-05
18,0.17907415600172405,0.29249435663223267,0.9054726362228394,0.8889112550023187,1.2235870926211638e-05
19,0.15860170652640276,0.28907114267349243,0.89552241563797,0.880199824330259,3.0779148512155885e-06
20,0.15975625710240726,0.2820150852203369,0.9004974961280823,0.8856262626262627,0.0
