id,label,miner,rust,phoma,cercospora,severity,n_stresses,crop,mask,class_name
1,0,0,0,0,0,0,0,ml/cache/crops/1.jpg,ml/cache/masks/1.png,healthy
3,0,0,0,0,0,0,0,ml/cache/crops/3.jpg,ml/cache/masks/3.png,healthy
4,0,0,0,0,0,0,0,ml/cache/crops/4.jpg,ml/cache/masks/4.png,healthy
5,0,0,0,0,0,0,0,ml/cache/crops/5.jpg,ml/cache/masks/5.png,healthy
6,0,0,0,0,0,0,0,ml/cache/crops/6.jpg,ml/cache/masks/6.png,healthy
10,0,0,0,0,0,0,0,ml/cache/crops/10.jpg,ml/cache/masks/10.png,healthy
11,0,0,0,0,0,0,0,ml/cache/crops/11.jpg,ml/cache/masks/11.png,healthy
12,0,0,0,0,0,0,0,ml/cache/crops/12.jpg,ml/cache/masks/12.png,healthy
13,0,0,0,0,0,0,0,ml/cache/crops/13.jpg,ml/cache/masks/13.png,healthy
14,0,0,0,0,0,0,0,ml/cache/crops/14.jpg,ml/cache/masks/14.png,healthy
15,0,0,0,0,0,0,0,ml/cache/crops/15.jpg,ml/cache/masks/15.png,healthy
16,0,0,0,0,0,0,0,ml/cache/crops/16.jpg,ml/cache/masks/16.png,healthy
17,0,0,0,0,0,0,0,ml/cache/crops/17.jpg,ml/cache/masks/17.png,healthy
19,0,0,0,0,0,0,0,ml/cache/crops/19.jpg,ml/cache/masks/19.png,healthy
21,1,1,0,0,0,3,1,ml/cache/crops/21.jpg,ml/cache/masks/21.png,leaf_miner
22,1,1,0,0,0,1,1,ml/cache/crops/22.jpg,ml/cache/masks/22.png,leaf_miner
24,1,1,0,0,0,1,1,ml/cache/crops/24.jpg,ml/cache/masks/24.png,leaf_miner
25,1,1,0,0,0,1,1,ml/cache/crops/25.jpg,ml/cache/masks/25.png,leaf_miner
26,1,1,0,0,0,2,1,ml/cache/crops/26.jpg,ml/cache/masks/26.png,leaf_miner
27,1,1,0,0,0,1,1,ml/cache/crops/27.jpg,ml/cache/masks/27.png,leaf_miner
28,1,1,0,0,0,2,1,ml/cache/crops/28.jpg,ml/cache/masks/28.png,leaf_miner
29,1,1,1,0,0,1,2,ml/cache/crops/29.jpg,ml/cache/masks/29.png,leaf_miner
30,1,1,0,0,0,1,1,ml/cache/crops/30.jpg,ml/cache/masks/30.png,leaf_miner
31,1,1,0,0,0,3,1,ml/cache/crops/31.jpg,ml/cache/masks/31.png,leaf_miner
34,1,1,0,0,0,1,1,ml/cache/crops/34.jpg,ml/cache/masks/34.png,leaf_miner
36,1,1,0,0,0,1,1,ml/cache/crops/36.jpg,ml/cache/masks/36.png,leaf_miner
37,1,1,1,0,0,2,2,ml/cache/crops/37.jpg,ml/cache/masks/37.png,leaf_miner
38,1,1,0,0,0,1,1,ml/cache/crops/38.jpg,ml/cache/masks/38.png,leaf_miner
39,1,1,0,0,0,1,1,ml/cache/crops/39.jpg,ml/cache/masks/39.png,leaf_miner
40,1,1,1,0,0,2,2,ml/cache/crops/40.jpg,ml/cache/masks/40.png,leaf_miner
41,1,1,0,0,0,1,1,ml/cache/crops/41.jpg,ml/cache/masks/41.png,leaf_miner
42,1,1,0,0,0,2,1,ml/cache/crops/42.jpg,ml/cache/masks/42.png,leaf_miner
43,1,1,0,0,0,1,1,ml/cache/crops/43.jpg,ml/cache/masks/43.png,leaf_miner
44,1,1,0,0,0,1,1,ml/cache/crops/44.jpg,ml/cache/masks/44.png,leaf_miner
45,1,1,1,0,0,1,2,ml/cache/crops/45.jpg,ml/cache/masks/45.png,leaf_miner
46,1,1,0,0,0,1,1,ml/cache/crops/46.jpg,ml/cache/masks/46.png,leaf_miner
51,1,1,0,0,0,1,1,ml/cache/crops/51.jpg,ml/cache/masks/51.png,leaf_miner
52,1,1,0,0,0,1,1,ml/cache/crops/52.jpg,ml/cache/masks/52.png,leaf_miner
53,1,1,0,0,0,2,1,ml/cache/crops/53.jpg,ml/cache/masks/53.png,leaf_miner
54,1,1,0,0,1,2,2,ml/cache/crops/54.jpg,ml/cache/masks/54.png,leaf_miner
55,4,1,0,0,1,2,2,ml/cache/crops/55.jpg,ml/cache/masks/55.png,cercospora
56,1,1,0,0,0,3,1,ml/cache/crops/56.jpg,ml/cache/masks/56.png,leaf_miner
58,1,1,0,0,1,1,2,ml/cache/crops/58.jpg,ml/cache/masks/58.png,leaf_miner
59,1,1,0,0,0,1,1,ml/cache/crops/59.jpg,ml/cache/masks/59.png,leaf_miner
61,1,1,0,0,1,3,2,ml/cache/crops/61.jpg,ml/cache/masks/61.png,leaf_miner
63,1,1,0,0,0,1,1,ml/cache/crops/63.jpg,ml/cache/masks/63.png,leaf_miner
65,1,1,0,0,0,1,1,ml/cache/crops/65.jpg,ml/cache/masks/65.png,leaf_miner
68,1,1,0,0,0,1,1,ml/cache/crops/68.jpg,ml/cache/masks/68.png,leaf_miner
101,2,0,1,0,0,1,1,ml/cache/crops/101.jpg,ml/cache/masks/101.png,rust
102,2,0,1,0,0,1,1,ml/cache/crops/102.jpg,ml/cache/masks/102.png,rust
105,2,0,1,0,0,2,1,ml/cache/crops/105.jpg,ml/cache/masks/105.png,rust
106,2,0,1,0,0,2,1,ml/cache/crops/106.jpg,ml/cache/masks/106.png,rust
107,2,0,1,0,0,1,1,ml/cache/crops/107.jpg,ml/cache/masks/107.png,rust
108,2,0,1,0,0,1,1,ml/cache/crops/108.jpg,ml/cache/masks/108.png,rust
110,2,0,1,0,0,2,1,ml/cache/crops/110.jpg,ml/cache/masks/110.png,rust
111,2,0,1,0,0,1,1,ml/cache/crops/111.jpg,ml/cache/masks/111.png,rust
112,2,0,1,0,0,2,1,ml/cache/crops/112.jpg,ml/cache/masks/112.png,rust
113,2,0,1,0,0,1,1,ml/cache/crops/113.jpg,ml/cache/masks/113.png,rust
114,2,0,1,0,0,1,1,ml/cache/crops/114.jpg,ml/cache/masks/114.png,rust
116,2,0,1,0,0,1,1,ml/cache/crops/116.jpg,ml/cache/masks/116.png,rust
117,2,0,1,0,1,4,2,ml/cache/crops/117.jpg,ml/cache/masks/117.png,rust
118,2,0,1,0,0,1,1,ml/cache/crops/118.jpg,ml/cache/masks/118.png,rust
120,2,0,1,0,0,1,1,ml/cache/crops/120.jpg,ml/cache/masks/120.png,rust
121,2,0,1,0,1,1,2,ml/cache/crops/121.jpg,ml/cache/masks/121.png,rust
123,2,0,1,0,0,2,1,ml/cache/crops/123.jpg,ml/cache/masks/123.png,rust
124,2,0,1,0,0,4,1,ml/cache/crops/124.jpg,ml/cache/masks/124.png,rust
125,2,0,1,0,0,1,1,ml/cache/crops/125.jpg,ml/cache/masks/125.png,rust
126,2,0,1,0,0,4,1,ml/cache/crops/126.jpg,ml/cache/masks/126.png,rust
127,2,0,1,0,0,2,1,ml/cache/crops/127.jpg,ml/cache/masks/127.png,rust
128,2,0,1,0,0,1,1,ml/cache/crops/128.jpg,ml/cache/masks/128.png,rust
129,2,0,1,0,0,4,1,ml/cache/crops/129.jpg,ml/cache/masks/129.png,rust
130,2,0,1,0,0,2,1,ml/cache/crops/130.jpg,ml/cache/masks/130.png,rust
131,2,0,1,0,0,2,1,ml/cache/crops/131.jpg,ml/cache/masks/131.png,rust
133,2,0,1,0,0,2,1,ml/cache/crops/133.jpg,ml/cache/masks/133.png,rust
134,2,0,1,0,0,1,1,ml/cache/crops/134.jpg,ml/cache/masks/134.png,rust
136,2,0,1,0,0,1,1,ml/cache/crops/136.jpg,ml/cache/masks/136.png,rust
137,1,1,0,0,0,1,1,ml/cache/crops/137.jpg,ml/cache/masks/137.png,leaf_miner
138,2,0,1,0,0,3,1,ml/cache/crops/138.jpg,ml/cache/masks/138.png,rust
140,2,0,1,0,0,2,1,ml/cache/crops/140.jpg,ml/cache/masks/140.png,rust
141,2,1,1,0,0,3,2,ml/cache/crops/141.jpg,ml/cache/masks/141.png,rust
142,2,1,1,0,0,1,2,ml/cache/crops/142.jpg,ml/cache/masks/142.png,rust
143,2,0,1,0,0,3,1,ml/cache/crops/143.jpg,ml/cache/masks/143.png,rust
144,2,0,1,0,0,1,1,ml/cache/crops/144.jpg,ml/cache/masks/144.png,rust
145,2,0,1,0,0,1,1,ml/cache/crops/145.jpg,ml/cache/masks/145.png,rust
146,2,0,1,0,0,2,1,ml/cache/crops/146.jpg,ml/cache/masks/146.png,rust
149,2,0,1,0,0,3,1,ml/cache/crops/149.jpg,ml/cache/masks/149.png,rust
150,2,0,1,0,0,2,1,ml/cache/crops/150.jpg,ml/cache/masks/150.png,rust
152,2,0,1,0,0,1,1,ml/cache/crops/152.jpg,ml/cache/masks/152.png,rust
155,2,0,1,0,0,1,1,ml/cache/crops/155.jpg,ml/cache/masks/155.png,rust
156,2,0,1,0,1,1,2,ml/cache/crops/156.jpg,ml/cache/masks/156.png,rust
157,2,0,1,0,1,1,2,ml/cache/crops/157.jpg,ml/cache/masks/157.png,rust
159,2,0,1,0,1,1,2,ml/cache/crops/159.jpg,ml/cache/masks/159.png,rust
161,2,0,1,0,0,2,1,ml/cache/crops/161.jpg,ml/cache/masks/161.png,rust
162,2,0,1,0,0,1,1,ml/cache/crops/162.jpg,ml/cache/masks/162.png,rust
164,2,0,1,0,0,1,1,ml/cache/crops/164.jpg,ml/cache/masks/164.png,rust
166,2,0,1,0,0,1,1,ml/cache/crops/166.jpg,ml/cache/masks/166.png,rust
167,2,0,1,0,0,1,1,ml/cache/crops/167.jpg,ml/cache/masks/167.png,rust
168,2,0,1,0,0,1,1,ml/cache/crops/168.jpg,ml/cache/masks/168.png,rust
170,0,0,0,0,0,0,0,ml/cache/crops/170.jpg,ml/cache/masks/170.png,healthy
171,2,0,1,0,1,1,2,ml/cache/crops/171.jpg,ml/cache/masks/171.png,rust
172,2,0,1,0,0,1,1,ml/cache/crops/172.jpg,ml/cache/masks/172.png,rust
173,2,0,1,0,0,1,1,ml/cache/crops/173.jpg,ml/cache/masks/173.png,rust
174,0,0,0,0,0,0,0,ml/cache/crops/174.jpg,ml/cache/masks/174.png,healthy
175,0,0,0,0,0,0,0,ml/cache/crops/175.jpg,ml/cache/masks/175.png,healthy
176,0,0,0,0,0,0,0,ml/cache/crops/176.jpg,ml/cache/masks/176.png,healthy
179,0,0,0,0,0,0,0,ml/cache/crops/179.jpg,ml/cache/masks/179.png,healthy
180,0,0,0,0,0,0,0,ml/cache/crops/180.jpg,ml/cache/masks/180.png,healthy
181,0,0,0,0,0,0,0,ml/cache/crops/181.jpg,ml/cache/masks/181.png,healthy
182,0,0,0,0,0,0,0,ml/cache/crops/182.jpg,ml/cache/masks/182.png,healthy
183,0,0,0,0,0,0,0,ml/cache/crops/183.jpg,ml/cache/masks/183.png,healthy
184,0,0,0,0,0,0,0,ml/cache/crops/184.jpg,ml/cache/masks/184.png,healthy
185,0,0,0,0,0,0,0,ml/cache/crops/185.jpg,ml/cache/masks/185.png,healthy
187,0,0,0,0,0,0,0,ml/cache/crops/187.jpg,ml/cache/masks/187.png,healthy
188,0,0,0,0,0,0,0,ml/cache/crops/188.jpg,ml/cache/masks/188.png,healthy
190,0,0,0,0,0,0,0,ml/cache/crops/190.jpg,ml/cache/masks/190.png,healthy
191,0,0,0,0,0,0,0,ml/cache/crops/191.jpg,ml/cache/masks/191.png,healthy
192,0,0,0,0,0,0,0,ml/cache/crops/192.jpg,ml/cache/masks/192.png,healthy
193,0,0,0,0,0,0,0,ml/cache/crops/193.jpg,ml/cache/masks/193.png,healthy
195,0,0,0,0,0,0,0,ml/cache/crops/195.jpg,ml/cache/masks/195.png,healthy
196,0,0,0,0,0,0,0,ml/cache/crops/196.jpg,ml/cache/masks/196.png,healthy
197,0,0,0,0,0,0,0,ml/cache/crops/197.jpg,ml/cache/masks/197.png,healthy
199,0,0,0,0,0,0,0,ml/cache/crops/199.jpg,ml/cache/masks/199.png,healthy
200,0,0,0,0,0,0,0,ml/cache/crops/200.jpg,ml/cache/masks/200.png,healthy
201,0,0,0,0,0,0,0,ml/cache/crops/201.jpg,ml/cache/masks/201.png,healthy
202,0,0,0,0,0,0,0,ml/cache/crops/202.jpg,ml/cache/masks/202.png,healthy
204,0,0,0,0,0,0,0,ml/cache/crops/204.jpg,ml/cache/masks/204.png,healthy
206,0,0,0,0,0,0,0,ml/cache/crops/206.jpg,ml/cache/masks/206.png,healthy
208,0,0,0,0,0,0,0,ml/cache/crops/208.jpg,ml/cache/masks/208.png,healthy
210,0,0,0,0,0,0,0,ml/cache/crops/210.jpg,ml/cache/masks/210.png,healthy
212,1,1,0,0,0,1,1,ml/cache/crops/212.jpg,ml/cache/masks/212.png,leaf_miner
213,1,1,0,0,0,1,1,ml/cache/crops/213.jpg,ml/cache/masks/213.png,leaf_miner
214,1,1,0,0,0,1,1,ml/cache/crops/214.jpg,ml/cache/masks/214.png,leaf_miner
217,1,1,0,0,0,1,1,ml/cache/crops/217.jpg,ml/cache/masks/217.png,leaf_miner
218,1,1,0,0,0,1,1,ml/cache/crops/218.jpg,ml/cache/masks/218.png,leaf_miner
219,1,1,0,0,0,2,1,ml/cache/crops/219.jpg,ml/cache/masks/219.png,leaf_miner
220,1,1,0,0,0,1,1,ml/cache/crops/220.jpg,ml/cache/masks/220.png,leaf_miner
221,1,1,0,0,0,1,1,ml/cache/crops/221.jpg,ml/cache/masks/221.png,leaf_miner
222,1,1,0,0,0,1,1,ml/cache/crops/222.jpg,ml/cache/masks/222.png,leaf_miner
224,1,1,0,0,0,1,1,ml/cache/crops/224.jpg,ml/cache/masks/224.png,leaf_miner
225,1,1,0,0,0,2,1,ml/cache/crops/225.jpg,ml/cache/masks/225.png,leaf_miner
228,1,1,0,0,0,1,1,ml/cache/crops/228.jpg,ml/cache/masks/228.png,leaf_miner
229,1,1,0,0,0,1,1,ml/cache/crops/229.jpg,ml/cache/masks/229.png,leaf_miner
231,0,0,0,0,0,0,0,ml/cache/crops/231.jpg,ml/cache/masks/231.png,healthy
232,3,0,0,1,0,2,1,ml/cache/crops/232.jpg,ml/cache/masks/232.png,phoma
239,3,0,0,1,0,1,1,ml/cache/crops/239.jpg,ml/cache/masks/239.png,phoma
240,3,0,0,1,0,1,1,ml/cache/crops/240.jpg,ml/cache/masks/240.png,phoma
241,3,0,0,1,0,2,1,ml/cache/crops/241.jpg,ml/cache/masks/241.png,phoma
246,3,0,0,1,0,2,1,ml/cache/crops/246.jpg,ml/cache/masks/246.png,phoma
247,3,0,0,1,0,1,1,ml/cache/crops/247.jpg,ml/cache/masks/247.png,phoma
248,3,0,0,1,0,1,1,ml/cache/crops/248.jpg,ml/cache/masks/248.png,phoma
249,3,0,0,1,0,2,1,ml/cache/crops/249.jpg,ml/cache/masks/249.png,phoma
250,3,0,0,1,0,2,1,ml/cache/crops/250.jpg,ml/cache/masks/250.png,phoma
253,3,0,0,1,0,2,1,ml/cache/crops/253.jpg,ml/cache/masks/253.png,phoma
254,3,0,0,1,0,3,1,ml/cache/crops/254.jpg,ml/cache/masks/254.png,phoma
257,3,0,0,1,0,2,1,ml/cache/crops/257.jpg,ml/cache/masks/257.png,phoma
259,3,0,0,1,0,1,1,ml/cache/crops/259.jpg,ml/cache/masks/259.png,phoma
260,3,0,0,1,0,1,1,ml/cache/crops/260.jpg,ml/cache/masks/260.png,phoma
261,3,0,0,1,0,1,1,ml/cache/crops/261.jpg,ml/cache/masks/261.png,phoma
262,3,0,0,1,0,1,1,ml/cache/crops/262.jpg,ml/cache/masks/262.png,phoma
265,3,0,0,1,0,2,1,ml/cache/crops/265.jpg,ml/cache/masks/265.png,phoma
266,3,0,0,1,0,1,1,ml/cache/crops/266.jpg,ml/cache/masks/266.png,phoma
267,3,0,0,1,0,1,1,ml/cache/crops/267.jpg,ml/cache/masks/267.png,phoma
268,3,0,0,1,0,1,1,ml/cache/crops/268.jpg,ml/cache/masks/268.png,phoma
270,3,0,0,1,0,1,1,ml/cache/crops/270.jpg,ml/cache/masks/270.png,phoma
271,3,0,0,1,0,1,1,ml/cache/crops/271.jpg,ml/cache/masks/271.png,phoma
273,3,0,0,1,0,2,1,ml/cache/crops/273.jpg,ml/cache/masks/273.png,phoma
274,3,0,0,1,0,1,1,ml/cache/crops/274.jpg,ml/cache/masks/274.png,phoma
275,3,0,0,1,0,1,1,ml/cache/crops/275.jpg,ml/cache/masks/275.png,phoma
279,3,0,0,1,0,1,1,ml/cache/crops/279.jpg,ml/cache/masks/279.png,phoma
280,3,0,0,1,0,1,1,ml/cache/crops/280.jpg,ml/cache/masks/280.png,phoma
282,3,0,0,1,0,1,1,ml/cache/crops/282.jpg,ml/cache/masks/282.png,phoma
283,3,0,0,1,0,3,1,ml/cache/crops/283.jpg,ml/cache/masks/283.png,phoma
284,3,0,0,1,0,1,1,ml/cache/crops/284.jpg,ml/cache/masks/284.png,phoma
285,3,0,0,1,0,2,1,ml/cache/crops/285.jpg,ml/cache/masks/285.png,phoma
287,3,0,0,1,0,2,1,ml/cache/crops/287.jpg,ml/cache/masks/287.png,phoma
288,3,0,0,1,0,2,1,ml/cache/crops/288.jpg,ml/cache/masks/288.png,phoma
289,3,0,0,1,0,1,1,ml/cache/crops/289.jpg,ml/cache/masks/289.png,phoma
290,3,0,0,1,0,2,1,ml/cache/crops/290.jpg,ml/cache/masks/290.png,phoma
293,3,0,0,1,0,2,1,ml/cache/crops/293.jpg,ml/cache/masks/293.png,phoma
294,3,0,0,1,0,2,1,ml/cache/crops/294.jpg,ml/cache/masks/294.png,phoma
295,3,0,0,1,0,3,1,ml/cache/crops/295.jpg,ml/cache/masks/295.png,phoma
296,3,0,0,1,0,1,1,ml/cache/crops/296.jpg,ml/cache/masks/296.png,phoma
299,3,0,0,1,0,2,1,ml/cache/crops/299.jpg,ml/cache/masks/299.png,phoma
301,3,0,0,1,0,3,1,ml/cache/crops/301.jpg,ml/cache/masks/301.png,phoma
302,3,0,0,1,0,2,1,ml/cache/crops/302.jpg,ml/cache/masks/302.png,phoma
304,3,0,0,1,0,2,1,ml/cache/crops/304.jpg,ml/cache/masks/304.png,phoma
306,3,0,0,1,0,2,1,ml/cache/crops/306.jpg,ml/cache/masks/306.png,phoma
307,3,0,0,1,0,1,1,ml/cache/crops/307.jpg,ml/cache/masks/307.png,phoma
309,3,0,0,1,0,4,1,ml/cache/crops/309.jpg,ml/cache/masks/309.png,phoma
310,3,0,0,1,0,3,1,ml/cache/crops/310.jpg,ml/cache/masks/310.png,phoma
311,3,0,0,1,0,1,1,ml/cache/crops/311.jpg,ml/cache/masks/311.png,phoma
312,3,0,0,1,0,1,1,ml/cache/crops/312.jpg,ml/cache/masks/312.png,phoma
314,3,0,0,1,0,1,1,ml/cache/crops/314.jpg,ml/cache/masks/314.png,phoma
315,3,0,0,1,0,2,1,ml/cache/crops/315.jpg,ml/cache/masks/315.png,phoma
317,3,0,0,1,0,1,1,ml/cache/crops/317.jpg,ml/cache/masks/317.png,phoma
318,3,0,0,1,0,3,1,ml/cache/crops/318.jpg,ml/cache/masks/318.png,phoma
319,3,0,0,1,0,2,1,ml/cache/crops/319.jpg,ml/cache/masks/319.png,phoma
320,3,0,0,1,0,2,1,ml/cache/crops/320.jpg,ml/cache/masks/320.png,phoma
321,3,0,0,1,0,4,1,ml/cache/crops/321.jpg,ml/cache/masks/321.png,phoma
323,3,0,0,1,0,3,1,ml/cache/crops/323.jpg,ml/cache/masks/323.png,phoma
325,3,0,0,1,0,1,1,ml/cache/crops/325.jpg,ml/cache/masks/325.png,phoma
326,3,0,0,1,0,2,1,ml/cache/crops/326.jpg,ml/cache/masks/326.png,phoma
327,3,0,0,1,0,3,1,ml/cache/crops/327.jpg,ml/cache/masks/327.png,phoma
328,3,0,0,1,0,2,1,ml/cache/crops/328.jpg,ml/cache/masks/328.png,phoma
329,3,0,0,1,0,1,1,ml/cache/crops/329.jpg,ml/cache/masks/329.png,phoma
330,3,0,0,1,0,1,1,ml/cache/crops/330.jpg,ml/cache/masks/330.png,phoma
332,3,0,0,1,0,1,1,ml/cache/crops/332.jpg,ml/cache/masks/332.png,phoma
333,3,0,0,1,0,1,1,ml/cache/crops/333.jpg,ml/cache/masks/333.png,phoma
334,3,0,0,1,0,2,1,ml/cache/crops/334.jpg,ml/cache/masks/334.png,phoma
335,3,0,0,1,0,1,1,ml/cache/crops/335.jpg,ml/cache/masks/335.png,phoma
336,3,0,0,1,0,3,1,ml/cache/crops/336.jpg,ml/cache/masks/336.png,phoma
338,3,0,0,1,0,1,1,ml/cache/crops/338.jpg,ml/cache/masks/338.png,phoma
340,3,0,0,1,0,1,1,ml/cache/crops/340.jpg,ml/cache/masks/340.png,phoma
344,3,0,0,1,0,1,1,ml/cache/crops/344.jpg,ml/cache/masks/344.png,phoma
345,3,0,0,1,0,2,1,ml/cache/crops/345.jpg,ml/cache/masks/345.png,phoma
346,3,0,0,1,0,1,1,ml/cache/crops/346.jpg,ml/cache/masks/346.png,phoma
347,3,0,0,1,0,1,1,ml/cache/crops/347.jpg,ml/cache/masks/347.png,phoma
348,3,0,0,1,0,1,1,ml/cache/crops/348.jpg,ml/cache/masks/348.png,phoma
350,3,0,0,1,0,3,1,ml/cache/crops/350.jpg,ml/cache/masks/350.png,phoma
353,3,0,0,1,0,2,1,ml/cache/crops/353.jpg,ml/cache/masks/353.png,phoma
354,3,0,0,1,0,1,1,ml/cache/crops/354.jpg,ml/cache/masks/354.png,phoma
355,3,0,0,1,0,2,1,ml/cache/crops/355.jpg,ml/cache/masks/355.png,phoma
358,3,0,0,1,0,1,1,ml/cache/crops/358.jpg,ml/cache/masks/358.png,phoma
359,3,0,0,1,0,1,1,ml/cache/crops/359.jpg,ml/cache/masks/359.png,phoma
360,3,0,0,1,0,1,1,ml/cache/crops/360.jpg,ml/cache/masks/360.png,phoma
361,3,0,0,1,0,1,1,ml/cache/crops/361.jpg,ml/cache/masks/361.png,phoma
362,3,0,0,1,0,4,1,ml/cache/crops/362.jpg,ml/cache/masks/362.png,phoma
364,3,0,0,1,0,3,1,ml/cache/crops/364.jpg,ml/cache/masks/364.png,phoma
365,3,0,0,1,0,1,1,ml/cache/crops/365.jpg,ml/cache/masks/365.png,phoma
366,3,0,0,1,0,1,1,ml/cache/crops/366.jpg,ml/cache/masks/366.png,phoma
367,3,0,0,1,0,1,1,ml/cache/crops/367.jpg,ml/cache/masks/367.png,phoma
368,3,0,0,1,0,1,1,ml/cache/crops/368.jpg,ml/cache/masks/368.png,phoma
369,3,0,0,1,0,4,1,ml/cache/crops/369.jpg,ml/cache/masks/369.png,phoma
370,3,0,0,1,0,1,1,ml/cache/crops/370.jpg,ml/cache/masks/370.png,phoma
371,3,0,0,1,0,3,1,ml/cache/crops/371.jpg,ml/cache/masks/371.png,phoma
372,3,0,0,1,0,2,1,ml/cache/crops/372.jpg,ml/cache/masks/372.png,phoma
373,3,0,0,1,0,1,1,ml/cache/crops/373.jpg,ml/cache/masks/373.png,phoma
374,3,0,0,1,0,1,1,ml/cache/crops/374.jpg,ml/cache/masks/374.png,phoma
377,3,0,0,1,0,3,1,ml/cache/crops/377.jpg,ml/cache/masks/377.png,phoma
378,3,0,0,1,0,1,1,ml/cache/crops/378.jpg,ml/cache/masks/378.png,phoma
379,3,0,0,1,0,2,1,ml/cache/crops/379.jpg,ml/cache/masks/379.png,phoma
381,3,0,0,1,0,1,1,ml/cache/crops/381.jpg,ml/cache/masks/381.png,phoma
382,3,0,0,1,0,1,1,ml/cache/crops/382.jpg,ml/cache/masks/382.png,phoma
383,3,0,0,1,0,2,1,ml/cache/crops/383.jpg,ml/cache/masks/383.png,phoma
385,3,0,0,1,0,1,1,ml/cache/crops/385.jpg,ml/cache/masks/385.png,phoma
386,3,0,0,1,0,1,1,ml/cache/crops/386.jpg,ml/cache/masks/386.png,phoma
387,3,0,0,1,0,2,1,ml/cache/crops/387.jpg,ml/cache/masks/387.png,phoma
388,3,0,0,1,0,3,1,ml/cache/crops/388.jpg,ml/cache/masks/388.png,phoma
389,3,0,0,1,0,1,1,ml/cache/crops/389.jpg,ml/cache/masks/389.png,phoma
390,3,0,0,1,0,1,1,ml/cache/crops/390.jpg,ml/cache/masks/390.png,phoma
391,3,0,0,1,0,4,1,ml/cache/crops/391.jpg,ml/cache/masks/391.png,phoma
392,3,0,0,1,0,1,1,ml/cache/crops/392.jpg,ml/cache/masks/392.png,phoma
393,3,0,0,1,0,1,1,ml/cache/crops/393.jpg,ml/cache/masks/393.png,phoma
394,3,0,0,1,0,1,1,ml/cache/crops/394.jpg,ml/cache/masks/394.png,phoma
395,3,0,0,1,0,1,1,ml/cache/crops/395.jpg,ml/cache/masks/395.png,phoma
396,3,0,0,1,0,1,1,ml/cache/crops/396.jpg,ml/cache/masks/396.png,phoma
397,3,0,0,1,0,1,1,ml/cache/crops/397.jpg,ml/cache/masks/397.png,phoma
398,3,0,0,1,0,2,1,ml/cache/crops/398.jpg,ml/cache/masks/398.png,phoma
399,3,0,0,1,0,1,1,ml/cache/crops/399.jpg,ml/cache/masks/399.png,phoma
401,3,0,0,1,0,1,1,ml/cache/crops/401.jpg,ml/cache/masks/401.png,phoma
402,3,0,0,1,0,1,1,ml/cache/crops/402.jpg,ml/cache/masks/402.png,phoma
403,3,0,0,1,0,2,1,ml/cache/crops/403.jpg,ml/cache/masks/403.png,phoma
404,3,0,0,1,0,2,1,ml/cache/crops/404.jpg,ml/cache/masks/404.png,phoma
405,3,0,0,1,0,3,1,ml/cache/crops/405.jpg,ml/cache/masks/405.png,phoma
406,3,0,0,1,0,1,1,ml/cache/crops/406.jpg,ml/cache/masks/406.png,phoma
407,3,0,0,1,0,2,1,ml/cache/crops/407.jpg,ml/cache/masks/407.png,phoma
408,3,0,0,1,0,2,1,ml/cache/crops/408.jpg,ml/cache/masks/408.png,phoma
409,3,0,0,1,0,4,1,ml/cache/crops/409.jpg,ml/cache/masks/409.png,phoma
412,3,0,0,1,0,2,1,ml/cache/crops/412.jpg,ml/cache/masks/412.png,phoma
413,3,0,0,1,0,1,1,ml/cache/crops/413.jpg,ml/cache/masks/413.png,phoma
414,3,0,0,1,0,3,1,ml/cache/crops/414.jpg,ml/cache/masks/414.png,phoma
415,3,0,0,1,0,2,1,ml/cache/crops/415.jpg,ml/cache/masks/415.png,phoma
416,3,0,0,1,0,1,1,ml/cache/crops/416.jpg,ml/cache/masks/416.png,phoma
418,3,0,0,1,0,1,1,ml/cache/crops/418.jpg,ml/cache/masks/418.png,phoma
419,3,0,0,1,0,2,1,ml/cache/crops/419.jpg,ml/cache/masks/419.png,phoma
421,3,0,0,1,0,2,1,ml/cache/crops/421.jpg,ml/cache/masks/421.png,phoma
423,3,0,0,1,0,1,1,ml/cache/crops/423.jpg,ml/cache/masks/423.png,phoma
424,3,0,0,1,0,2,1,ml/cache/crops/424.jpg,ml/cache/masks/424.png,phoma
425,3,0,0,1,0,1,1,ml/cache/crops/425.jpg,ml/cache/masks/425.png,phoma
426,3,0,0,1,0,1,1,ml/cache/crops/426.jpg,ml/cache/masks/426.png,phoma
427,3,0,0,1,0,2,1,ml/cache/crops/427.jpg,ml/cache/masks/427.png,phoma
429,3,0,0,1,0,4,1,ml/cache/crops/429.jpg,ml/cache/masks/429.png,phoma
430,3,0,0,1,0,1,1,ml/cache/crops/430.jpg,ml/cache/masks/430.png,phoma
431,3,0,0,1,0,1,1,ml/cache/crops/431.jpg,ml/cache/masks/431.png,phoma
433,3,0,0,1,0,1,1,ml/cache/crops/433.jpg,ml/cache/masks/433.png,phoma
434,3,0,0,1,0,2,1,ml/cache/crops/434.jpg,ml/cache/masks/434.png,phoma
435,3,0,0,1,0,1,1,ml/cache/crops/435.jpg,ml/cache/masks/435.png,phoma
436,3,0,0,1,0,2,1,ml/cache/crops/436.jpg,ml/cache/masks/436.png,phoma
438,3,0,0,1,0,1,1,ml/cache/crops/438.jpg,ml/cache/masks/438.png,phoma
439,4,0,0,0,1,1,1,ml/cache/crops/439.jpg,ml/cache/masks/439.png,cercospora
440,3,0,0,1,0,1,1,ml/cache/crops/440.jpg,ml/cache/masks/440.png,phoma
441,3,0,0,1,0,1,1,ml/cache/crops/441.jpg,ml/cache/masks/441.png,phoma
442,3,0,0,1,0,1,1,ml/cache/crops/442.jpg,ml/cache/masks/442.png,phoma
444,3,0,0,1,0,1,1,ml/cache/crops/444.jpg,ml/cache/masks/444.png,phoma
446,0,0,0,0,0,0,0,ml/cache/crops/446.jpg,ml/cache/masks/446.png,healthy
447,1,1,0,0,0,1,1,ml/cache/crops/447.jpg,ml/cache/masks/447.png,leaf_miner
448,3,0,0,1,0,4,1,ml/cache/crops/448.jpg,ml/cache/masks/448.png,phoma
450,3,0,0,1,0,1,1,ml/cache/crops/450.jpg,ml/cache/masks/450.png,phoma
452,3,0,0,1,0,1,1,ml/cache/crops/452.jpg,ml/cache/masks/452.png,phoma
453,3,0,0,1,0,1,1,ml/cache/crops/453.jpg,ml/cache/masks/453.png,phoma
454,3,0,0,1,0,1,1,ml/cache/crops/454.jpg,ml/cache/masks/454.png,phoma
455,3,0,0,1,0,1,1,ml/cache/crops/455.jpg,ml/cache/masks/455.png,phoma
456,3,0,0,1,0,2,1,ml/cache/crops/456.jpg,ml/cache/masks/456.png,phoma
457,3,0,0,1,0,1,1,ml/cache/crops/457.jpg,ml/cache/masks/457.png,phoma
458,3,0,0,1,0,2,1,ml/cache/crops/458.jpg,ml/cache/masks/458.png,phoma
463,3,0,0,1,0,1,1,ml/cache/crops/463.jpg,ml/cache/masks/463.png,phoma
465,3,0,0,1,0,1,1,ml/cache/crops/465.jpg,ml/cache/masks/465.png,phoma
466,4,0,0,0,1,1,1,ml/cache/crops/466.jpg,ml/cache/masks/466.png,cercospora
468,3,0,0,1,0,1,1,ml/cache/crops/468.jpg,ml/cache/masks/468.png,phoma
469,3,0,0,1,0,1,1,ml/cache/crops/469.jpg,ml/cache/masks/469.png,phoma
471,3,0,0,1,0,1,1,ml/cache/crops/471.jpg,ml/cache/masks/471.png,phoma
474,3,0,0,1,1,2,2,ml/cache/crops/474.jpg,ml/cache/masks/474.png,phoma
475,3,0,0,1,0,1,1,ml/cache/crops/475.jpg,ml/cache/masks/475.png,phoma
476,3,0,0,1,0,1,1,ml/cache/crops/476.jpg,ml/cache/masks/476.png,phoma
477,3,0,0,1,0,1,1,ml/cache/crops/477.jpg,ml/cache/masks/477.png,phoma
478,3,0,0,1,0,2,1,ml/cache/crops/478.jpg,ml/cache/masks/478.png,phoma
479,3,0,0,1,0,1,1,ml/cache/crops/479.jpg,ml/cache/masks/479.png,phoma
480,3,0,0,1,0,1,1,ml/cache/crops/480.jpg,ml/cache/masks/480.png,phoma
482,3,0,0,1,0,2,1,ml/cache/crops/482.jpg,ml/cache/masks/482.png,phoma
484,3,0,0,1,0,2,1,ml/cache/crops/484.jpg,ml/cache/masks/484.png,phoma
485,3,0,0,1,0,1,1,ml/cache/crops/485.jpg,ml/cache/masks/485.png,phoma
486,3,0,0,1,0,1,1,ml/cache/crops/486.jpg,ml/cache/masks/486.png,phoma
488,3,0,0,1,0,2,1,ml/cache/crops/488.jpg,ml/cache/masks/488.png,phoma
489,3,0,0,1,0,1,1,ml/cache/crops/489.jpg,ml/cache/masks/489.png,phoma
490,3,0,0,1,0,1,1,ml/cache/crops/490.jpg,ml/cache/masks/490.png,phoma
492,3,0,0,1,0,4,1,ml/cache/crops/492.jpg,ml/cache/masks/492.png,phoma
493,3,0,0,1,0,1,1,ml/cache/crops/493.jpg,ml/cache/masks/493.png,phoma
494,4,0,0,0,1,1,1,ml/cache/crops/494.jpg,ml/cache/masks/494.png,cercospora
495,3,0,0,1,0,2,1,ml/cache/crops/495.jpg,ml/cache/masks/495.png,phoma
496,3,0,0,1,0,3,1,ml/cache/crops/496.jpg,ml/cache/masks/496.png,phoma
497,3,0,0,1,0,1,1,ml/cache/crops/497.jpg,ml/cache/masks/497.png,phoma
498,3,0,0,1,0,2,1,ml/cache/crops/498.jpg,ml/cache/masks/498.png,phoma
500,3,0,0,1,0,1,1,ml/cache/crops/500.jpg,ml/cache/masks/500.png,phoma
501,3,0,0,1,0,1,1,ml/cache/crops/501.jpg,ml/cache/masks/501.png,phoma
502,3,0,0,1,0,4,1,ml/cache/crops/502.jpg,ml/cache/masks/502.png,phoma
504,4,0,0,1,1,1,2,ml/cache/crops/504.jpg,ml/cache/masks/504.png,cercospora
505,3,0,0,1,0,3,1,ml/cache/crops/505.jpg,ml/cache/masks/505.png,phoma
507,3,0,0,1,0,4,1,ml/cache/crops/507.jpg,ml/cache/masks/507.png,phoma
508,3,0,0,1,0,2,1,ml/cache/crops/508.jpg,ml/cache/masks/508.png,phoma
511,3,0,0,1,0,2,1,ml/cache/crops/511.jpg,ml/cache/masks/511.png,phoma
512,3,0,0,1,0,1,1,ml/cache/crops/512.jpg,ml/cache/masks/512.png,phoma
514,3,0,0,1,0,1,1,ml/cache/crops/514.jpg,ml/cache/masks/514.png,phoma
515,3,0,0,1,0,1,1,ml/cache/crops/515.jpg,ml/cache/masks/515.png,phoma
518,3,0,0,1,0,1,1,ml/cache/crops/518.jpg,ml/cache/masks/518.png,phoma
520,3,0,0,1,0,1,1,ml/cache/crops/520.jpg,ml/cache/masks/520.png,phoma
521,3,0,0,1,0,1,1,ml/cache/crops/521.jpg,ml/cache/masks/521.png,phoma
522,2,0,1,0,0,3,1,ml/cache/crops/522.jpg,ml/cache/masks/522.png,rust
523,3,0,0,1,0,2,1,ml/cache/crops/523.jpg,ml/cache/masks/523.png,phoma
524,3,0,0,1,0,2,1,ml/cache/crops/524.jpg,ml/cache/masks/524.png,phoma
525,4,0,0,0,1,1,1,ml/cache/crops/525.jpg,ml/cache/masks/525.png,cercospora
526,3,0,0,1,1,2,2,ml/cache/crops/526.jpg,ml/cache/masks/526.png,phoma
527,2,0,1,0,0,1,1,ml/cache/crops/527.jpg,ml/cache/masks/527.png,rust
528,3,0,0,1,0,1,1,ml/cache/crops/528.jpg,ml/cache/masks/528.png,phoma
529,3,0,0,1,0,1,1,ml/cache/crops/529.jpg,ml/cache/masks/529.png,phoma
530,3,0,0,1,0,1,1,ml/cache/crops/530.jpg,ml/cache/masks/530.png,phoma
531,3,0,0,1,0,1,1,ml/cache/crops/531.jpg,ml/cache/masks/531.png,phoma
533,3,0,0,1,0,4,1,ml/cache/crops/533.jpg,ml/cache/masks/533.png,phoma
534,3,0,0,1,0,2,1,ml/cache/crops/534.jpg,ml/cache/masks/534.png,phoma
535,4,0,0,1,1,2,2,ml/cache/crops/535.jpg,ml/cache/masks/535.png,cercospora
537,3,0,0,1,0,2,1,ml/cache/crops/537.jpg,ml/cache/masks/537.png,phoma
538,3,0,0,1,0,1,1,ml/cache/crops/538.jpg,ml/cache/masks/538.png,phoma
539,3,0,0,1,0,3,1,ml/cache/crops/539.jpg,ml/cache/masks/539.png,phoma
540,3,0,0,1,0,2,1,ml/cache/crops/540.jpg,ml/cache/masks/540.png,phoma
541,3,0,0,1,0,1,1,ml/cache/crops/541.jpg,ml/cache/masks/541.png,phoma
543,3,0,0,1,0,2,1,ml/cache/crops/543.jpg,ml/cache/masks/543.png,phoma
546,3,0,0,1,0,1,1,ml/cache/crops/546.jpg,ml/cache/masks/546.png,phoma
547,3,0,0,1,0,4,1,ml/cache/crops/547.jpg,ml/cache/masks/547.png,phoma
548,3,0,0,1,0,2,1,ml/cache/crops/548.jpg,ml/cache/masks/548.png,phoma
550,3,0,0,1,0,3,1,ml/cache/crops/550.jpg,ml/cache/masks/550.png,phoma
553,3,0,0,1,0,1,1,ml/cache/crops/553.jpg,ml/cache/masks/553.png,phoma
554,3,0,0,1,0,2,1,ml/cache/crops/554.jpg,ml/cache/masks/554.png,phoma
555,4,0,0,0,1,1,1,ml/cache/crops/555.jpg,ml/cache/masks/555.png,cercospora
556,3,0,0,1,0,2,1,ml/cache/crops/556.jpg,ml/cache/masks/556.png,phoma
557,3,0,0,1,0,1,1,ml/cache/crops/557.jpg,ml/cache/masks/557.png,phoma
558,2,0,1,0,0,1,1,ml/cache/crops/558.jpg,ml/cache/masks/558.png,rust
559,3,0,0,1,0,2,1,ml/cache/crops/559.jpg,ml/cache/masks/559.png,phoma
561,2,1,1,0,0,4,2,ml/cache/crops/561.jpg,ml/cache/masks/561.png,rust
562,4,0,1,0,1,1,2,ml/cache/crops/562.jpg,ml/cache/masks/562.png,cercospora
563,3,0,0,1,0,1,1,ml/cache/crops/563.jpg,ml/cache/masks/563.png,phoma
566,4,0,0,0,1,1,1,ml/cache/crops/566.jpg,ml/cache/masks/566.png,cercospora
567,4,0,0,0,1,1,1,ml/cache/crops/567.jpg,ml/cache/masks/567.png,cercospora
569,4,0,0,0,1,1,1,ml/cache/crops/569.jpg,ml/cache/masks/569.png,cercospora
570,2,0,1,0,1,2,2,ml/cache/crops/570.jpg,ml/cache/masks/570.png,rust
572,2,0,1,0,0,1,1,ml/cache/crops/572.jpg,ml/cache/masks/572.png,rust
573,0,0,0,0,0,0,0,ml/cache/crops/573.jpg,ml/cache/masks/573.png,healthy
574,3,0,0,1,0,1,1,ml/cache/crops/574.jpg,ml/cache/masks/574.png,phoma
575,1,1,0,0,0,1,1,ml/cache/crops/575.jpg,ml/cache/masks/575.png,leaf_miner
576,1,1,0,0,0,1,1,ml/cache/crops/576.jpg,ml/cache/masks/576.png,leaf_miner
577,4,0,0,0,1,1,1,ml/cache/crops/577.jpg,ml/cache/masks/577.png,cercospora
579,4,0,0,0,1,1,1,ml/cache/crops/579.jpg,ml/cache/masks/579.png,cercospora
580,1,1,0,0,0,1,1,ml/cache/crops/580.jpg,ml/cache/masks/580.png,leaf_miner
581,0,0,0,0,0,0,0,ml/cache/crops/581.jpg,ml/cache/masks/581.png,healthy
583,0,0,0,0,0,0,0,ml/cache/crops/583.jpg,ml/cache/masks/583.png,healthy
585,1,1,0,0,0,1,1,ml/cache/crops/585.jpg,ml/cache/masks/585.png,leaf_miner
586,2,0,1,0,0,1,1,ml/cache/crops/586.jpg,ml/cache/masks/586.png,rust
587,0,0,0,0,0,0,0,ml/cache/crops/587.jpg,ml/cache/masks/587.png,healthy
588,1,1,0,0,0,1,1,ml/cache/crops/588.jpg,ml/cache/masks/588.png,leaf_miner
589,2,1,1,0,0,3,2,ml/cache/crops/589.jpg,ml/cache/masks/589.png,rust
590,2,0,1,0,0,2,1,ml/cache/crops/590.jpg,ml/cache/masks/590.png,rust
592,3,0,0,1,0,1,1,ml/cache/crops/592.jpg,ml/cache/masks/592.png,phoma
593,2,0,1,0,0,2,1,ml/cache/crops/593.jpg,ml/cache/masks/593.png,rust
596,2,1,1,0,0,4,2,ml/cache/crops/596.jpg,ml/cache/masks/596.png,rust
597,2,0,1,0,0,2,1,ml/cache/crops/597.jpg,ml/cache/masks/597.png,rust
599,2,0,1,0,0,1,1,ml/cache/crops/599.jpg,ml/cache/masks/599.png,rust
600,0,0,0,0,0,0,0,ml/cache/crops/600.jpg,ml/cache/masks/600.png,healthy
601,0,0,0,0,0,0,0,ml/cache/crops/601.jpg,ml/cache/masks/601.png,healthy
602,0,0,0,0,0,0,0,ml/cache/crops/602.jpg,ml/cache/masks/602.png,healthy
603,0,0,0,0,0,0,0,ml/cache/crops/603.jpg,ml/cache/masks/603.png,healthy
604,4,0,1,0,1,1,2,ml/cache/crops/604.jpg,ml/cache/masks/604.png,cercospora
605,2,0,1,0,1,3,2,ml/cache/crops/605.jpg,ml/cache/masks/605.png,rust
607,1,1,0,0,0,1,1,ml/cache/crops/607.jpg,ml/cache/masks/607.png,leaf_miner
609,2,0,1,0,0,1,1,ml/cache/crops/609.jpg,ml/cache/masks/609.png,rust
611,4,0,0,0,1,1,1,ml/cache/crops/611.jpg,ml/cache/masks/611.png,cercospora
612,0,0,0,0,0,0,0,ml/cache/crops/612.jpg,ml/cache/masks/612.png,healthy
614,0,0,0,0,0,0,0,ml/cache/crops/614.jpg,ml/cache/masks/614.png,healthy
615,2,0,1,0,1,1,2,ml/cache/crops/615.jpg,ml/cache/masks/615.png,rust
616,0,0,0,0,0,0,0,ml/cache/crops/616.jpg,ml/cache/masks/616.png,healthy
621,2,1,1,0,0,1,2,ml/cache/crops/621.jpg,ml/cache/masks/621.png,rust
622,1,1,0,0,0,1,1,ml/cache/crops/622.jpg,ml/cache/masks/622.png,leaf_miner
623,1,1,1,0,0,1,2,ml/cache/crops/623.jpg,ml/cache/masks/623.png,leaf_miner
625,0,0,0,0,0,0,0,ml/cache/crops/625.jpg,ml/cache/masks/625.png,healthy
626,0,0,0,0,0,0,0,ml/cache/crops/626.jpg,ml/cache/masks/626.png,healthy
627,0,0,0,0,0,0,0,ml/cache/crops/627.jpg,ml/cache/masks/627.png,healthy
630,0,0,0,0,0,0,0,ml/cache/crops/630.jpg,ml/cache/masks/630.png,healthy
631,0,0,0,0,0,0,0,ml/cache/crops/631.jpg,ml/cache/masks/631.png,healthy
632,1,1,1,0,0,1,2,ml/cache/crops/632.jpg,ml/cache/masks/632.png,leaf_miner
633,0,0,0,0,0,0,0,ml/cache/crops/633.jpg,ml/cache/masks/633.png,healthy
635,0,0,0,0,0,0,0,ml/cache/crops/635.jpg,ml/cache/masks/635.png,healthy
637,2,0,1,0,0,1,1,ml/cache/crops/637.jpg,ml/cache/masks/637.png,rust
640,3,0,0,1,0,1,1,ml/cache/crops/640.jpg,ml/cache/masks/640.png,phoma
641,2,0,1,0,0,1,1,ml/cache/crops/641.jpg,ml/cache/masks/641.png,rust
642,0,0,0,0,0,0,0,ml/cache/crops/642.jpg,ml/cache/masks/642.png,healthy
643,0,0,0,0,0,0,0,ml/cache/crops/643.jpg,ml/cache/masks/643.png,healthy
644,1,1,1,0,0,1,2,ml/cache/crops/644.jpg,ml/cache/masks/644.png,leaf_miner
646,3,0,0,1,0,1,1,ml/cache/crops/646.jpg,ml/cache/masks/646.png,phoma
647,3,0,0,1,0,1,1,ml/cache/crops/647.jpg,ml/cache/masks/647.png,phoma
648,4,0,1,0,1,1,2,ml/cache/crops/648.jpg,ml/cache/masks/648.png,cercospora
649,0,0,0,0,0,0,0,ml/cache/crops/649.jpg,ml/cache/masks/649.png,healthy
650,2,0,1,0,0,1,1,ml/cache/crops/650.jpg,ml/cache/masks/650.png,rust
651,3,0,0,1,0,1,1,ml/cache/crops/651.jpg,ml/cache/masks/651.png,phoma
653,4,0,0,0,1,1,1,ml/cache/crops/653.jpg,ml/cache/masks/653.png,cercospora
654,3,0,0,1,0,1,1,ml/cache/crops/654.jpg,ml/cache/masks/654.png,phoma
658,3,0,0,1,0,1,1,ml/cache/crops/658.jpg,ml/cache/masks/658.png,phoma
660,1,1,0,1,0,1,2,ml/cache/crops/660.jpg,ml/cache/masks/660.png,leaf_miner
661,3,0,0,1,0,1,1,ml/cache/crops/661.jpg,ml/cache/masks/661.png,phoma
662,1,1,0,0,0,1,1,ml/cache/crops/662.jpg,ml/cache/masks/662.png,leaf_miner
663,1,1,1,0,0,2,2,ml/cache/crops/663.jpg,ml/cache/masks/663.png,leaf_miner
664,2,0,1,0,0,4,1,ml/cache/crops/664.jpg,ml/cache/masks/664.png,rust
669,3,0,1,1,0,2,2,ml/cache/crops/669.jpg,ml/cache/masks/669.png,phoma
670,3,0,0,1,0,2,1,ml/cache/crops/670.jpg,ml/cache/masks/670.png,phoma
673,3,0,0,1,0,1,1,ml/cache/crops/673.jpg,ml/cache/masks/673.png,phoma
674,0,0,0,0,0,0,0,ml/cache/crops/674.jpg,ml/cache/masks/674.png,healthy
676,1,1,1,0,0,2,2,ml/cache/crops/676.jpg,ml/cache/masks/676.png,leaf_miner
677,3,0,0,1,0,1,1,ml/cache/crops/677.jpg,ml/cache/masks/677.png,phoma
680,1,1,0,0,0,1,1,ml/cache/crops/680.jpg,ml/cache/masks/680.png,leaf_miner
683,3,0,0,1,0,1,1,ml/cache/crops/683.jpg,ml/cache/masks/683.png,phoma
688,1,1,0,0,0,2,1,ml/cache/crops/688.jpg,ml/cache/masks/688.png,leaf_miner
1000,1,1,0,0,0,1,1,ml/cache/crops/1000.jpg,ml/cache/masks/1000.png,leaf_miner
1001,0,0,0,0,0,0,0,ml/cache/crops/1001.jpg,ml/cache/masks/1001.png,healthy
1002,1,1,0,0,0,1,1,ml/cache/crops/1002.jpg,ml/cache/masks/1002.png,leaf_miner
1004,1,1,0,0,0,1,1,ml/cache/crops/1004.jpg,ml/cache/masks/1004.png,leaf_miner
1006,0,0,0,0,0,0,0,ml/cache/crops/1006.jpg,ml/cache/masks/1006.png,healthy
1007,0,0,0,0,0,0,0,ml/cache/crops/1007.jpg,ml/cache/masks/1007.png,healthy
1008,2,0,1,0,1,1,2,ml/cache/crops/1008.jpg,ml/cache/masks/1008.png,rust
1010,1,1,0,0,0,1,1,ml/cache/crops/1010.jpg,ml/cache/masks/1010.png,leaf_miner
1012,1,1,0,0,0,1,1,ml/cache/crops/1012.jpg,ml/cache/masks/1012.png,leaf_miner
1013,4,1,0,0,1,1,2,ml/cache/crops/1013.jpg,ml/cache/masks/1013.png,cercospora
1014,1,1,0,0,0,1,1,ml/cache/crops/1014.jpg,ml/cache/masks/1014.png,leaf_miner
1017,1,1,0,0,0,1,1,ml/cache/crops/1017.jpg,ml/cache/masks/1017.png,leaf_miner
1018,2,0,1,0,0,1,1,ml/cache/crops/1018.jpg,ml/cache/masks/1018.png,rust
1019,1,1,0,0,0,1,1,ml/cache/crops/1019.jpg,ml/cache/masks/1019.png,leaf_miner
1020,1,1,0,0,0,1,1,ml/cache/crops/1020.jpg,ml/cache/masks/1020.png,leaf_miner
1021,1,1,0,0,0,1,1,ml/cache/crops/1021.jpg,ml/cache/masks/1021.png,leaf_miner
1022,2,0,1,0,0,1,1,ml/cache/crops/1022.jpg,ml/cache/masks/1022.png,rust
1023,1,1,0,0,0,1,1,ml/cache/crops/1023.jpg,ml/cache/masks/1023.png,leaf_miner
1024,1,1,0,0,0,2,1,ml/cache/crops/1024.jpg,ml/cache/masks/1024.png,leaf_miner
1026,1,1,0,0,0,1,1,ml/cache/crops/1026.jpg,ml/cache/masks/1026.png,leaf_miner
1028,1,1,0,0,0,2,1,ml/cache/crops/1028.jpg,ml/cache/masks/1028.png,leaf_miner
1029,1,1,0,0,0,1,1,ml/cache/crops/1029.jpg,ml/cache/masks/1029.png,leaf_miner
1030,1,1,0,0,0,1,1,ml/cache/crops/1030.jpg,ml/cache/masks/1030.png,leaf_miner
1032,1,1,0,0,0,1,1,ml/cache/crops/1032.jpg,ml/cache/masks/1032.png,leaf_miner
1033,1,1,0,0,1,1,2,ml/cache/crops/1033.jpg,ml/cache/masks/1033.png,leaf_miner
1034,2,1,1,0,0,2,2,ml/cache/crops/1034.jpg,ml/cache/masks/1034.png,rust
1035,1,1,0,0,0,1,1,ml/cache/crops/1035.jpg,ml/cache/masks/1035.png,leaf_miner
1037,0,0,0,0,0,0,0,ml/cache/crops/1037.jpg,ml/cache/masks/1037.png,healthy
1038,1,1,0,0,0,1,1,ml/cache/crops/1038.jpg,ml/cache/masks/1038.png,leaf_miner
1041,1,1,0,0,1,1,2,ml/cache/crops/1041.jpg,ml/cache/masks/1041.png,leaf_miner
1042,1,1,0,0,0,1,1,ml/cache/crops/1042.jpg,ml/cache/masks/1042.png,leaf_miner
1044,1,1,0,0,0,1,1,ml/cache/crops/1044.jpg,ml/cache/masks/1044.png,leaf_miner
1047,0,0,0,0,0,0,0,ml/cache/crops/1047.jpg,ml/cache/masks/1047.png,healthy
1048,0,0,0,0,0,0,0,ml/cache/crops/1048.jpg,ml/cache/masks/1048.png,healthy
1051,1,1,0,0,0,2,1,ml/cache/crops/1051.jpg,ml/cache/masks/1051.png,leaf_miner
1052,2,0,1,0,0,1,1,ml/cache/crops/1052.jpg,ml/cache/masks/1052.png,rust
1053,1,1,0,0,0,2,1,ml/cache/crops/1053.jpg,ml/cache/masks/1053.png,leaf_miner
1054,0,0,0,0,0,0,0,ml/cache/crops/1054.jpg,ml/cache/masks/1054.png,healthy
1056,1,1,0,0,0,1,1,ml/cache/crops/1056.jpg,ml/cache/masks/1056.png,leaf_miner
1057,1,1,0,0,0,1,1,ml/cache/crops/1057.jpg,ml/cache/masks/1057.png,leaf_miner
1059,1,1,0,0,0,2,1,ml/cache/crops/1059.jpg,ml/cache/masks/1059.png,leaf_miner
1060,2,0,1,0,0,1,1,ml/cache/crops/1060.jpg,ml/cache/masks/1060.png,rust
1061,1,1,1,0,0,2,2,ml/cache/crops/1061.jpg,ml/cache/masks/1061.png,leaf_miner
1062,1,1,0,0,0,1,1,ml/cache/crops/1062.jpg,ml/cache/masks/1062.png,leaf_miner
1065,4,0,0,0,1,1,1,ml/cache/crops/1065.jpg,ml/cache/masks/1065.png,cercospora
1066,0,0,0,0,0,0,0,ml/cache/crops/1066.jpg,ml/cache/masks/1066.png,healthy
1067,4,0,1,0,1,1,2,ml/cache/crops/1067.jpg,ml/cache/masks/1067.png,cercospora
1073,1,1,0,0,0,1,1,ml/cache/crops/1073.jpg,ml/cache/masks/1073.png,leaf_miner
1075,1,1,0,0,0,2,1,ml/cache/crops/1075.jpg,ml/cache/masks/1075.png,leaf_miner
1077,1,1,0,0,0,3,1,ml/cache/crops/1077.jpg,ml/cache/masks/1077.png,leaf_miner
1079,2,0,1,0,0,1,1,ml/cache/crops/1079.jpg,ml/cache/masks/1079.png,rust
1080,2,0,1,0,0,1,1,ml/cache/crops/1080.jpg,ml/cache/masks/1080.png,rust
1081,0,0,0,0,0,0,0,ml/cache/crops/1081.jpg,ml/cache/masks/1081.png,healthy
1082,1,1,0,0,0,1,1,ml/cache/crops/1082.jpg,ml/cache/masks/1082.png,leaf_miner
1083,4,0,0,0,1,1,1,ml/cache/crops/1083.jpg,ml/cache/masks/1083.png,cercospora
1085,2,0,1,0,0,3,1,ml/cache/crops/1085.jpg,ml/cache/masks/1085.png,rust
1086,1,1,0,0,0,1,1,ml/cache/crops/1086.jpg,ml/cache/masks/1086.png,leaf_miner
1088,1,1,0,0,0,1,1,ml/cache/crops/1088.jpg,ml/cache/masks/1088.png,leaf_miner
1092,1,1,0,0,0,1,1,ml/cache/crops/1092.jpg,ml/cache/masks/1092.png,leaf_miner
1093,0,0,0,0,0,0,0,ml/cache/crops/1093.jpg,ml/cache/masks/1093.png,healthy
1094,2,0,1,0,0,1,1,ml/cache/crops/1094.jpg,ml/cache/masks/1094.png,rust
1095,2,1,1,0,0,1,2,ml/cache/crops/1095.jpg,ml/cache/masks/1095.png,rust
1098,1,1,0,0,0,1,1,ml/cache/crops/1098.jpg,ml/cache/masks/1098.png,leaf_miner
1099,1,1,1,0,0,1,2,ml/cache/crops/1099.jpg,ml/cache/masks/1099.png,leaf_miner
1100,1,1,1,0,0,1,2,ml/cache/crops/1100.jpg,ml/cache/masks/1100.png,leaf_miner
1102,1,1,0,0,0,2,1,ml/cache/crops/1102.jpg,ml/cache/masks/1102.png,leaf_miner
1103,2,0,1,0,0,1,1,ml/cache/crops/1103.jpg,ml/cache/masks/1103.png,rust
1104,1,1,1,0,0,1,2,ml/cache/crops/1104.jpg,ml/cache/masks/1104.png,leaf_miner
1105,0,0,0,0,0,0,0,ml/cache/crops/1105.jpg,ml/cache/masks/1105.png,healthy
1106,1,1,0,0,0,1,1,ml/cache/crops/1106.jpg,ml/cache/masks/1106.png,leaf_miner
1107,1,1,0,0,0,1,1,ml/cache/crops/1107.jpg,ml/cache/masks/1107.png,leaf_miner
1110,0,0,0,0,0,0,0,ml/cache/crops/1110.jpg,ml/cache/masks/1110.png,healthy
1113,1,1,0,0,0,1,1,ml/cache/crops/1113.jpg,ml/cache/masks/1113.png,leaf_miner
1114,1,1,0,0,0,1,1,ml/cache/crops/1114.jpg,ml/cache/masks/1114.png,leaf_miner
1115,0,0,0,0,0,0,0,ml/cache/crops/1115.jpg,ml/cache/masks/1115.png,healthy
1116,0,0,0,0,0,0,0,ml/cache/crops/1116.jpg,ml/cache/masks/1116.png,healthy
1118,0,0,0,0,0,0,0,ml/cache/crops/1118.jpg,ml/cache/masks/1118.png,healthy
1119,1,1,0,0,0,1,1,ml/cache/crops/1119.jpg,ml/cache/masks/1119.png,leaf_miner
1120,1,1,0,0,0,2,1,ml/cache/crops/1120.jpg,ml/cache/masks/1120.png,leaf_miner
1121,1,1,0,0,0,1,1,ml/cache/crops/1121.jpg,ml/cache/masks/1121.png,leaf_miner
1122,2,0,1,0,0,1,1,ml/cache/crops/1122.jpg,ml/cache/masks/1122.png,rust
1123,1,1,0,0,0,1,1,ml/cache/crops/1123.jpg,ml/cache/masks/1123.png,leaf_miner
1124,0,0,0,0,0,0,0,ml/cache/crops/1124.jpg,ml/cache/masks/1124.png,healthy
1127,0,0,0,0,0,0,0,ml/cache/crops/1127.jpg,ml/cache/masks/1127.png,healthy
1128,1,1,1,0,0,1,2,ml/cache/crops/1128.jpg,ml/cache/masks/1128.png,leaf_miner
1129,1,1,0,0,0,1,1,ml/cache/crops/1129.jpg,ml/cache/masks/1129.png,leaf_miner
1130,1,1,0,0,0,1,1,ml/cache/crops/1130.jpg,ml/cache/masks/1130.png,leaf_miner
1131,1,1,0,0,0,1,1,ml/cache/crops/1131.jpg,ml/cache/masks/1131.png,leaf_miner
1133,1,1,0,0,0,1,1,ml/cache/crops/1133.jpg,ml/cache/masks/1133.png,leaf_miner
1135,1,1,0,0,0,3,1,ml/cache/crops/1135.jpg,ml/cache/masks/1135.png,leaf_miner
1136,1,1,0,0,0,1,1,ml/cache/crops/1136.jpg,ml/cache/masks/1136.png,leaf_miner
1137,1,1,0,0,0,1,1,ml/cache/crops/1137.jpg,ml/cache/masks/1137.png,leaf_miner
1140,2,0,1,0,0,2,1,ml/cache/crops/1140.jpg,ml/cache/masks/1140.png,rust
1142,1,1,0,0,0,2,1,ml/cache/crops/1142.jpg,ml/cache/masks/1142.png,leaf_miner
1143,1,1,0,0,1,2,2,ml/cache/crops/1143.jpg,ml/cache/masks/1143.png,leaf_miner
1144,1,1,0,0,0,1,1,ml/cache/crops/1144.jpg,ml/cache/masks/1144.png,leaf_miner
1145,1,1,0,0,0,1,1,ml/cache/crops/1145.jpg,ml/cache/masks/1145.png,leaf_miner
1146,1,1,0,0,0,2,1,ml/cache/crops/1146.jpg,ml/cache/masks/1146.png,leaf_miner
1147,1,1,0,0,0,3,1,ml/cache/crops/1147.jpg,ml/cache/masks/1147.png,leaf_miner
1148,3,0,0,1,0,2,1,ml/cache/crops/1148.jpg,ml/cache/masks/1148.png,phoma
1149,3,0,0,1,0,1,1,ml/cache/crops/1149.jpg,ml/cache/masks/1149.png,phoma
1151,0,0,0,0,0,0,0,ml/cache/crops/1151.jpg,ml/cache/masks/1151.png,healthy
1152,0,0,0,0,0,0,0,ml/cache/crops/1152.jpg,ml/cache/masks/1152.png,healthy
1156,0,0,0,0,0,0,0,ml/cache/crops/1156.jpg,ml/cache/masks/1156.png,healthy
1157,1,1,0,0,0,2,1,ml/cache/crops/1157.jpg,ml/cache/masks/1157.png,leaf_miner
1158,4,1,0,0,1,1,2,ml/cache/crops/1158.jpg,ml/cache/masks/1158.png,cercospora
1159,4,0,1,0,1,1,2,ml/cache/crops/1159.jpg,ml/cache/masks/1159.png,cercospora
1160,1,1,0,0,0,1,1,ml/cache/crops/1160.jpg,ml/cache/masks/1160.png,leaf_miner
1161,1,1,0,0,0,1,1,ml/cache/crops/1161.jpg,ml/cache/masks/1161.png,leaf_miner
1162,1,1,0,0,0,3,1,ml/cache/crops/1162.jpg,ml/cache/masks/1162.png,leaf_miner
1165,1,1,0,0,0,2,1,ml/cache/crops/1165.jpg,ml/cache/masks/1165.png,leaf_miner
1167,1,1,0,0,1,1,2,ml/cache/crops/1167.jpg,ml/cache/masks/1167.png,leaf_miner
1168,2,0,1,0,0,1,1,ml/cache/crops/1168.jpg,ml/cache/masks/1168.png,rust
1170,1,1,0,0,0,1,1,ml/cache/crops/1170.jpg,ml/cache/masks/1170.png,leaf_miner
1172,1,1,0,0,0,1,1,ml/cache/crops/1172.jpg,ml/cache/masks/1172.png,leaf_miner
1173,1,1,0,0,0,2,1,ml/cache/crops/1173.jpg,ml/cache/masks/1173.png,leaf_miner
1176,1,1,0,0,0,2,1,ml/cache/crops/1176.jpg,ml/cache/masks/1176.png,leaf_miner
1177,1,1,0,0,0,1,1,ml/cache/crops/1177.jpg,ml/cache/masks/1177.png,leaf_miner
1179,3,0,0,1,0,1,1,ml/cache/crops/1179.jpg,ml/cache/masks/1179.png,phoma
1180,0,0,0,0,0,0,0,ml/cache/crops/1180.jpg,ml/cache/masks/1180.png,healthy
1181,0,0,0,0,0,0,0,ml/cache/crops/1181.jpg,ml/cache/masks/1181.png,healthy
1182,1,1,0,0,0,1,1,ml/cache/crops/1182.jpg,ml/cache/masks/1182.png,leaf_miner
1183,0,0,0,0,0,0,0,ml/cache/crops/1183.jpg,ml/cache/masks/1183.png,healthy
1185,3,0,0,1,0,1,1,ml/cache/crops/1185.jpg,ml/cache/masks/1185.png,phoma
1187,0,0,0,0,0,0,0,ml/cache/crops/1187.jpg,ml/cache/masks/1187.png,healthy
1188,1,1,1,0,0,1,2,ml/cache/crops/1188.jpg,ml/cache/masks/1188.png,leaf_miner
1189,1,1,0,0,0,1,1,ml/cache/crops/1189.jpg,ml/cache/masks/1189.png,leaf_miner
1190,1,1,0,0,0,1,1,ml/cache/crops/1190.jpg,ml/cache/masks/1190.png,leaf_miner
1192,1,1,0,0,0,1,1,ml/cache/crops/1192.jpg,ml/cache/masks/1192.png,leaf_miner
1194,0,0,0,0,0,0,0,ml/cache/crops/1194.jpg,ml/cache/masks/1194.png,healthy
1195,3,0,0,1,0,2,1,ml/cache/crops/1195.jpg,ml/cache/masks/1195.png,phoma
1197,1,1,0,0,0,1,1,ml/cache/crops/1197.jpg,ml/cache/masks/1197.png,leaf_miner
1198,0,0,0,0,0,0,0,ml/cache/crops/1198.jpg,ml/cache/masks/1198.png,healthy
1199,1,1,0,0,0,2,1,ml/cache/crops/1199.jpg,ml/cache/masks/1199.png,leaf_miner
1200,4,0,0,0,1,1,1,ml/cache/crops/1200.jpg,ml/cache/masks/1200.png,cercospora
1201,0,0,0,0,0,0,0,ml/cache/crops/1201.jpg,ml/cache/masks/1201.png,healthy
1202,4,0,0,0,1,1,1,ml/cache/crops/1202.jpg,ml/cache/masks/1202.png,cercospora
1203,1,1,0,0,0,1,1,ml/cache/crops/1203.jpg,ml/cache/masks/1203.png,leaf_miner
1205,4,0,0,0,1,1,1,ml/cache/crops/1205.jpg,ml/cache/masks/1205.png,cercospora
1211,1,1,0,0,0,1,1,ml/cache/crops/1211.jpg,ml/cache/masks/1211.png,leaf_miner
1212,1,1,0,0,0,1,1,ml/cache/crops/1212.jpg,ml/cache/masks/1212.png,leaf_miner
1214,4,1,0,0,1,1,2,ml/cache/crops/1214.jpg,ml/cache/masks/1214.png,cercospora
1216,1,1,0,0,0,1,1,ml/cache/crops/1216.jpg,ml/cache/masks/1216.png,leaf_miner
1217,1,1,0,0,0,1,1,ml/cache/crops/1217.jpg,ml/cache/masks/1217.png,leaf_miner
1219,1,1,0,0,0,1,1,ml/cache/crops/1219.jpg,ml/cache/masks/1219.png,leaf_miner
1220,4,0,0,0,1,1,1,ml/cache/crops/1220.jpg,ml/cache/masks/1220.png,cercospora
1221,4,0,0,0,1,1,1,ml/cache/crops/1221.jpg,ml/cache/masks/1221.png,cercospora
1222,1,1,0,0,0,1,1,ml/cache/crops/1222.jpg,ml/cache/masks/1222.png,leaf_miner
1223,1,1,1,0,0,2,2,ml/cache/crops/1223.jpg,ml/cache/masks/1223.png,leaf_miner
1225,1,1,1,0,0,1,2,ml/cache/crops/1225.jpg,ml/cache/masks/1225.png,leaf_miner
1226,0,0,0,0,0,0,0,ml/cache/crops/1226.jpg,ml/cache/masks/1226.png,healthy
1227,1,1,0,0,0,1,1,ml/cache/crops/1227.jpg,ml/cache/masks/1227.png,leaf_miner
1228,0,0,0,0,0,0,0,ml/cache/crops/1228.jpg,ml/cache/masks/1228.png,healthy
1229,0,0,0,0,0,0,0,ml/cache/crops/1229.jpg,ml/cache/masks/1229.png,healthy
1231,2,0,1,0,0,1,1,ml/cache/crops/1231.jpg,ml/cache/masks/1231.png,rust
1233,2,0,1,0,0,1,1,ml/cache/crops/1233.jpg,ml/cache/masks/1233.png,rust
1234,2,0,1,0,0,1,1,ml/cache/crops/1234.jpg,ml/cache/masks/1234.png,rust
1235,2,0,1,0,0,1,1,ml/cache/crops/1235.jpg,ml/cache/masks/1235.png,rust
1236,2,1,1,0,0,3,2,ml/cache/crops/1236.jpg,ml/cache/masks/1236.png,rust
1237,2,1,1,0,0,3,2,ml/cache/crops/1237.jpg,ml/cache/masks/1237.png,rust
1238,2,0,1,0,0,1,1,ml/cache/crops/1238.jpg,ml/cache/masks/1238.png,rust
1239,2,0,1,0,0,2,1,ml/cache/crops/1239.jpg,ml/cache/masks/1239.png,rust
1240,2,0,1,0,0,1,1,ml/cache/crops/1240.jpg,ml/cache/masks/1240.png,rust
1241,2,0,1,0,0,1,1,ml/cache/crops/1241.jpg,ml/cache/masks/1241.png,rust
1243,2,1,1,0,0,3,2,ml/cache/crops/1243.jpg,ml/cache/masks/1243.png,rust
1244,1,1,0,0,1,2,2,ml/cache/crops/1244.jpg,ml/cache/masks/1244.png,leaf_miner
1245,2,0,1,0,0,1,1,ml/cache/crops/1245.jpg,ml/cache/masks/1245.png,rust
1246,4,0,1,0,1,1,2,ml/cache/crops/1246.jpg,ml/cache/masks/1246.png,cercospora
1247,1,1,1,0,0,1,2,ml/cache/crops/1247.jpg,ml/cache/masks/1247.png,leaf_miner
1248,2,1,1,0,0,4,2,ml/cache/crops/1248.jpg,ml/cache/masks/1248.png,rust
1249,4,0,0,0,1,1,1,ml/cache/crops/1249.jpg,ml/cache/masks/1249.png,cercospora
1251,4,0,0,0,1,1,1,ml/cache/crops/1251.jpg,ml/cache/masks/1251.png,cercospora
1256,4,0,0,0,1,1,1,ml/cache/crops/1256.jpg,ml/cache/masks/1256.png,cercospora
1259,2,0,1,0,0,1,1,ml/cache/crops/1259.jpg,ml/cache/masks/1259.png,rust
1262,2,0,1,0,0,4,1,ml/cache/crops/1262.jpg,ml/cache/masks/1262.png,rust
1263,2,0,1,0,0,2,1,ml/cache/crops/1263.jpg,ml/cache/masks/1263.png,rust
1265,2,0,1,0,0,4,1,ml/cache/crops/1265.jpg,ml/cache/masks/1265.png,rust
1269,2,0,1,0,0,1,1,ml/cache/crops/1269.jpg,ml/cache/masks/1269.png,rust
1270,2,0,1,0,0,1,1,ml/cache/crops/1270.jpg,ml/cache/masks/1270.png,rust
1271,2,0,1,0,0,1,1,ml/cache/crops/1271.jpg,ml/cache/masks/1271.png,rust
1273,2,1,1,0,0,3,2,ml/cache/crops/1273.jpg,ml/cache/masks/1273.png,rust
1275,2,0,1,0,0,1,1,ml/cache/crops/1275.jpg,ml/cache/masks/1275.png,rust
1276,2,1,1,0,0,4,2,ml/cache/crops/1276.jpg,ml/cache/masks/1276.png,rust
1278,2,0,1,0,0,1,1,ml/cache/crops/1278.jpg,ml/cache/masks/1278.png,rust
1279,2,0,1,0,0,1,1,ml/cache/crops/1279.jpg,ml/cache/masks/1279.png,rust
1280,2,0,1,0,0,1,1,ml/cache/crops/1280.jpg,ml/cache/masks/1280.png,rust
1281,2,0,1,0,0,1,1,ml/cache/crops/1281.jpg,ml/cache/masks/1281.png,rust
1282,2,1,1,0,0,2,2,ml/cache/crops/1282.jpg,ml/cache/masks/1282.png,rust
1283,2,0,1,0,0,2,1,ml/cache/crops/1283.jpg,ml/cache/masks/1283.png,rust
1285,2,0,1,0,0,1,1,ml/cache/crops/1285.jpg,ml/cache/masks/1285.png,rust
1286,2,1,1,0,0,1,2,ml/cache/crops/1286.jpg,ml/cache/masks/1286.png,rust
1288,2,1,1,0,0,3,2,ml/cache/crops/1288.jpg,ml/cache/masks/1288.png,rust
1289,2,0,1,0,0,1,1,ml/cache/crops/1289.jpg,ml/cache/masks/1289.png,rust
1290,2,0,1,0,0,1,1,ml/cache/crops/1290.jpg,ml/cache/masks/1290.png,rust
1291,2,1,1,0,0,3,2,ml/cache/crops/1291.jpg,ml/cache/masks/1291.png,rust
1295,2,0,1,0,0,1,1,ml/cache/crops/1295.jpg,ml/cache/masks/1295.png,rust
1296,2,0,1,0,0,1,1,ml/cache/crops/1296.jpg,ml/cache/masks/1296.png,rust
1297,2,0,1,0,0,4,1,ml/cache/crops/1297.jpg,ml/cache/masks/1297.png,rust
1298,2,0,1,0,0,1,1,ml/cache/crops/1298.jpg,ml/cache/masks/1298.png,rust
1302,2,0,1,0,0,1,1,ml/cache/crops/1302.jpg,ml/cache/masks/1302.png,rust
1303,2,0,1,0,0,2,1,ml/cache/crops/1303.jpg,ml/cache/masks/1303.png,rust
1307,2,0,1,0,0,1,1,ml/cache/crops/1307.jpg,ml/cache/masks/1307.png,rust
1309,2,0,1,0,1,2,2,ml/cache/crops/1309.jpg,ml/cache/masks/1309.png,rust
1310,1,1,1,0,0,1,2,ml/cache/crops/1310.jpg,ml/cache/masks/1310.png,leaf_miner
1311,1,1,1,0,0,2,2,ml/cache/crops/1311.jpg,ml/cache/masks/1311.png,leaf_miner
1312,1,1,1,0,0,2,2,ml/cache/crops/1312.jpg,ml/cache/masks/1312.png,leaf_miner
1315,2,0,1,0,0,3,1,ml/cache/crops/1315.jpg,ml/cache/masks/1315.png,rust
1318,2,1,1,0,0,1,2,ml/cache/crops/1318.jpg,ml/cache/masks/1318.png,rust
1320,2,1,1,0,0,4,2,ml/cache/crops/1320.jpg,ml/cache/masks/1320.png,rust
1321,1,1,1,0,0,1,2,ml/cache/crops/1321.jpg,ml/cache/masks/1321.png,leaf_miner
1324,1,1,0,0,1,1,2,ml/cache/crops/1324.jpg,ml/cache/masks/1324.png,leaf_miner
1325,2,0,1,0,1,1,2,ml/cache/crops/1325.jpg,ml/cache/masks/1325.png,rust
1326,2,1,1,0,0,4,2,ml/cache/crops/1326.jpg,ml/cache/masks/1326.png,rust
1327,2,1,1,0,1,4,3,ml/cache/crops/1327.jpg,ml/cache/masks/1327.png,rust
1328,2,0,1,0,0,1,1,ml/cache/crops/1328.jpg,ml/cache/masks/1328.png,rust
1329,2,0,1,0,0,2,1,ml/cache/crops/1329.jpg,ml/cache/masks/1329.png,rust
1330,2,0,1,0,1,2,2,ml/cache/crops/1330.jpg,ml/cache/masks/1330.png,rust
1333,4,0,1,0,1,1,2,ml/cache/crops/1333.jpg,ml/cache/masks/1333.png,cercospora
1334,2,0,1,0,1,1,2,ml/cache/crops/1334.jpg,ml/cache/masks/1334.png,rust
1335,2,0,1,0,1,1,2,ml/cache/crops/1335.jpg,ml/cache/masks/1335.png,rust
1336,2,0,1,0,0,1,1,ml/cache/crops/1336.jpg,ml/cache/masks/1336.png,rust
1337,2,0,1,0,0,1,1,ml/cache/crops/1337.jpg,ml/cache/masks/1337.png,rust
1338,2,0,1,0,1,1,2,ml/cache/crops/1338.jpg,ml/cache/masks/1338.png,rust
1339,2,0,1,0,0,1,1,ml/cache/crops/1339.jpg,ml/cache/masks/1339.png,rust
1340,2,0,1,0,0,3,1,ml/cache/crops/1340.jpg,ml/cache/masks/1340.png,rust
1341,2,0,1,0,0,2,1,ml/cache/crops/1341.jpg,ml/cache/masks/1341.png,rust
1342,2,0,1,0,0,4,1,ml/cache/crops/1342.jpg,ml/cache/masks/1342.png,rust
1344,2,0,1,0,0,2,1,ml/cache/crops/1344.jpg,ml/cache/masks/1344.png,rust
1346,2,0,1,0,1,3,2,ml/cache/crops/1346.jpg,ml/cache/masks/1346.png,rust
1347,2,0,1,0,0,1,1,ml/cache/crops/1347.jpg,ml/cache/masks/1347.png,rust
1349,2,0,1,0,0,1,1,ml/cache/crops/1349.jpg,ml/cache/masks/1349.png,rust
1351,1,1,0,0,0,1,1,ml/cache/crops/1351.jpg,ml/cache/masks/1351.png,leaf_miner
1352,2,0,1,0,0,2,1,ml/cache/crops/1352.jpg,ml/cache/masks/1352.png,rust
1355,2,1,1,0,0,2,2,ml/cache/crops/1355.jpg,ml/cache/masks/1355.png,rust
1356,2,0,1,0,0,2,1,ml/cache/crops/1356.jpg,ml/cache/masks/1356.png,rust
1358,2,0,1,0,1,1,2,ml/cache/crops/1358.jpg,ml/cache/masks/1358.png,rust
1359,2,0,1,0,0,3,1,ml/cache/crops/1359.jpg,ml/cache/masks/1359.png,rust
1360,2,0,1,0,1,2,2,ml/cache/crops/1360.jpg,ml/cache/masks/1360.png,rust
1361,4,0,1,0,1,2,2,ml/cache/crops/1361.jpg,ml/cache/masks/1361.png,cercospora
1362,1,1,0,0,0,1,1,ml/cache/crops/1362.jpg,ml/cache/masks/1362.png,leaf_miner
1364,2,0,1,0,0,1,1,ml/cache/crops/1364.jpg,ml/cache/masks/1364.png,rust
1365,2,0,1,0,0,1,1,ml/cache/crops/1365.jpg,ml/cache/masks/1365.png,rust
1366,2,0,1,0,0,1,1,ml/cache/crops/1366.jpg,ml/cache/masks/1366.png,rust
1367,2,0,1,0,0,1,1,ml/cache/crops/1367.jpg,ml/cache/masks/1367.png,rust
1368,2,0,1,0,0,1,1,ml/cache/crops/1368.jpg,ml/cache/masks/1368.png,rust
1369,2,0,1,0,1,1,2,ml/cache/crops/1369.jpg,ml/cache/masks/1369.png,rust
1370,0,0,0,0,0,0,0,ml/cache/crops/1370.jpg,ml/cache/masks/1370.png,healthy
1371,2,0,1,0,0,1,1,ml/cache/crops/1371.jpg,ml/cache/masks/1371.png,rust
1375,2,0,1,0,0,1,1,ml/cache/crops/1375.jpg,ml/cache/masks/1375.png,rust
1376,2,0,1,0,0,1,1,ml/cache/crops/1376.jpg,ml/cache/masks/1376.png,rust
1377,2,0,1,0,1,1,2,ml/cache/crops/1377.jpg,ml/cache/masks/1377.png,rust
1378,2,1,1,0,0,1,2,ml/cache/crops/1378.jpg,ml/cache/masks/1378.png,rust
1381,2,1,1,0,0,2,2,ml/cache/crops/1381.jpg,ml/cache/masks/1381.png,rust
1382,2,0,1,0,0,2,1,ml/cache/crops/1382.jpg,ml/cache/masks/1382.png,rust
1385,2,0,1,0,0,1,1,ml/cache/crops/1385.jpg,ml/cache/masks/1385.png,rust
1386,2,0,1,0,1,1,2,ml/cache/crops/1386.jpg,ml/cache/masks/1386.png,rust
1387,4,0,1,0,1,1,2,ml/cache/crops/1387.jpg,ml/cache/masks/1387.png,cercospora
1389,2,0,1,0,0,1,1,ml/cache/crops/1389.jpg,ml/cache/masks/1389.png,rust
1390,2,0,1,0,1,2,2,ml/cache/crops/1390.jpg,ml/cache/masks/1390.png,rust
1391,2,0,1,0,1,2,2,ml/cache/crops/1391.jpg,ml/cache/masks/1391.png,rust
1392,1,1,0,0,1,2,2,ml/cache/crops/1392.jpg,ml/cache/masks/1392.png,leaf_miner
1396,2,0,1,0,1,3,2,ml/cache/crops/1396.jpg,ml/cache/masks/1396.png,rust
1397,2,0,1,0,0,1,1,ml/cache/crops/1397.jpg,ml/cache/masks/1397.png,rust
1400,2,0,1,0,0,1,1,ml/cache/crops/1400.jpg,ml/cache/masks/1400.png,rust
1401,2,1,1,0,0,4,2,ml/cache/crops/1401.jpg,ml/cache/masks/1401.png,rust
1402,2,0,1,0,1,2,2,ml/cache/crops/1402.jpg,ml/cache/masks/1402.png,rust
1403,4,0,1,0,1,3,2,ml/cache/crops/1403.jpg,ml/cache/masks/1403.png,cercospora
1406,2,0,1,0,0,1,1,ml/cache/crops/1406.jpg,ml/cache/masks/1406.png,rust
1408,2,0,1,0,1,1,2,ml/cache/crops/1408.jpg,ml/cache/masks/1408.png,rust
1409,2,0,1,0,1,2,2,ml/cache/crops/1409.jpg,ml/cache/masks/1409.png,rust
1410,4,0,0,0,1,1,1,ml/cache/crops/1410.jpg,ml/cache/masks/1410.png,cercospora
1411,2,0,1,0,0,1,1,ml/cache/crops/1411.jpg,ml/cache/masks/1411.png,rust
1412,1,1,1,0,0,1,2,ml/cache/crops/1412.jpg,ml/cache/masks/1412.png,leaf_miner
1416,4,0,1,0,1,1,2,ml/cache/crops/1416.jpg,ml/cache/masks/1416.png,cercospora
1417,4,0,0,0,1,1,1,ml/cache/crops/1417.jpg,ml/cache/masks/1417.png,cercospora
1418,2,0,1,0,0,1,1,ml/cache/crops/1418.jpg,ml/cache/masks/1418.png,rust
1421,1,1,1,0,0,1,2,ml/cache/crops/1421.jpg,ml/cache/masks/1421.png,leaf_miner
1422,2,0,1,0,0,2,1,ml/cache/crops/1422.jpg,ml/cache/masks/1422.png,rust
1423,2,1,1,0,0,1,2,ml/cache/crops/1423.jpg,ml/cache/masks/1423.png,rust
1425,2,0,1,0,0,2,1,ml/cache/crops/1425.jpg,ml/cache/masks/1425.png,rust
1427,2,0,1,0,1,1,2,ml/cache/crops/1427.jpg,ml/cache/masks/1427.png,rust
1431,2,0,1,0,1,2,2,ml/cache/crops/1431.jpg,ml/cache/masks/1431.png,rust
1432,2,0,1,0,0,2,1,ml/cache/crops/1432.jpg,ml/cache/masks/1432.png,rust
1433,2,0,1,0,1,2,2,ml/cache/crops/1433.jpg,ml/cache/masks/1433.png,rust
1434,2,0,1,0,1,1,2,ml/cache/crops/1434.jpg,ml/cache/masks/1434.png,rust
1435,1,1,1,0,0,1,2,ml/cache/crops/1435.jpg,ml/cache/masks/1435.png,leaf_miner
1437,2,0,1,0,0,1,1,ml/cache/crops/1437.jpg,ml/cache/masks/1437.png,rust
1439,2,0,1,0,0,1,1,ml/cache/crops/1439.jpg,ml/cache/masks/1439.png,rust
1441,4,0,0,0,1,1,1,ml/cache/crops/1441.jpg,ml/cache/masks/1441.png,cercospora
1444,4,0,0,0,1,1,1,ml/cache/crops/1444.jpg,ml/cache/masks/1444.png,cercospora
1445,2,0,1,0,0,1,1,ml/cache/crops/1445.jpg,ml/cache/masks/1445.png,rust
1446,4,0,1,0,1,1,2,ml/cache/crops/1446.jpg,ml/cache/masks/1446.png,cercospora
1447,2,0,1,0,1,1,2,ml/cache/crops/1447.jpg,ml/cache/masks/1447.png,rust
1448,2,0,1,0,0,1,1,ml/cache/crops/1448.jpg,ml/cache/masks/1448.png,rust
1449,2,0,1,0,0,4,1,ml/cache/crops/1449.jpg,ml/cache/masks/1449.png,rust
1453,4,0,0,0,1,1,1,ml/cache/crops/1453.jpg,ml/cache/masks/1453.png,cercospora
1454,2,0,1,0,1,1,2,ml/cache/crops/1454.jpg,ml/cache/masks/1454.png,rust
1455,2,0,1,0,0,2,1,ml/cache/crops/1455.jpg,ml/cache/masks/1455.png,rust
1456,2,1,1,0,0,2,2,ml/cache/crops/1456.jpg,ml/cache/masks/1456.png,rust
1457,2,0,1,0,0,1,1,ml/cache/crops/1457.jpg,ml/cache/masks/1457.png,rust
1460,2,1,1,0,0,2,2,ml/cache/crops/1460.jpg,ml/cache/masks/1460.png,rust
1461,2,0,1,0,0,1,1,ml/cache/crops/1461.jpg,ml/cache/masks/1461.png,rust
1462,4,0,1,0,1,1,2,ml/cache/crops/1462.jpg,ml/cache/masks/1462.png,cercospora
1463,2,0,1,0,0,1,1,ml/cache/crops/1463.jpg,ml/cache/masks/1463.png,rust
1464,2,0,1,0,0,1,1,ml/cache/crops/1464.jpg,ml/cache/masks/1464.png,rust
1465,2,0,1,0,1,1,2,ml/cache/crops/1465.jpg,ml/cache/masks/1465.png,rust
1466,2,0,1,0,0,1,1,ml/cache/crops/1466.jpg,ml/cache/masks/1466.png,rust
1468,2,0,1,0,0,4,1,ml/cache/crops/1468.jpg,ml/cache/masks/1468.png,rust
1469,4,0,1,0,1,2,2,ml/cache/crops/1469.jpg,ml/cache/masks/1469.png,cercospora
1470,2,0,1,0,1,3,2,ml/cache/crops/1470.jpg,ml/cache/masks/1470.png,rust
1473,2,0,1,0,0,2,1,ml/cache/crops/1473.jpg,ml/cache/masks/1473.png,rust
1474,2,0,1,0,0,2,1,ml/cache/crops/1474.jpg,ml/cache/masks/1474.png,rust
1476,2,0,1,0,0,4,1,ml/cache/crops/1476.jpg,ml/cache/masks/1476.png,rust
1477,1,1,0,0,0,1,1,ml/cache/crops/1477.jpg,ml/cache/masks/1477.png,leaf_miner
1479,2,0,1,0,1,1,2,ml/cache/crops/1479.jpg,ml/cache/masks/1479.png,rust
1480,1,1,0,0,1,1,2,ml/cache/crops/1480.jpg,ml/cache/masks/1480.png,leaf_miner
1482,1,1,0,0,0,1,1,ml/cache/crops/1482.jpg,ml/cache/masks/1482.png,leaf_miner
1483,2,0,1,0,1,1,2,ml/cache/crops/1483.jpg,ml/cache/masks/1483.png,rust
1485,4,0,0,0,1,1,1,ml/cache/crops/1485.jpg,ml/cache/masks/1485.png,cercospora
1486,2,0,1,0,0,3,1,ml/cache/crops/1486.jpg,ml/cache/masks/1486.png,rust
1487,1,1,0,0,0,1,1,ml/cache/crops/1487.jpg,ml/cache/masks/1487.png,leaf_miner
1488,2,1,1,0,0,1,2,ml/cache/crops/1488.jpg,ml/cache/masks/1488.png,rust
1492,2,0,1,0,0,1,1,ml/cache/crops/1492.jpg,ml/cache/masks/1492.png,rust
1496,4,0,0,0,1,1,1,ml/cache/crops/1496.jpg,ml/cache/masks/1496.png,cercospora
1498,2,0,1,0,0,1,1,ml/cache/crops/1498.jpg,ml/cache/masks/1498.png,rust
1499,1,1,1,0,0,1,2,ml/cache/crops/1499.jpg,ml/cache/masks/1499.png,leaf_miner
1501,4,0,0,0,1,2,1,ml/cache/crops/1501.jpg,ml/cache/masks/1501.png,cercospora
1503,2,0,1,0,1,2,2,ml/cache/crops/1503.jpg,ml/cache/masks/1503.png,rust
1505,2,1,1,0,0,1,2,ml/cache/crops/1505.jpg,ml/cache/masks/1505.png,rust
1506,2,0,1,0,0,1,1,ml/cache/crops/1506.jpg,ml/cache/masks/1506.png,rust
1507,2,0,1,0,0,1,1,ml/cache/crops/1507.jpg,ml/cache/masks/1507.png,rust
1508,2,0,1,0,0,1,1,ml/cache/crops/1508.jpg,ml/cache/masks/1508.png,rust
1509,1,1,0,0,0,1,1,ml/cache/crops/1509.jpg,ml/cache/masks/1509.png,leaf_miner
1510,2,0,1,0,0,1,1,ml/cache/crops/1510.jpg,ml/cache/masks/1510.png,rust
1512,1,1,1,0,0,1,2,ml/cache/crops/1512.jpg,ml/cache/masks/1512.png,leaf_miner
1513,2,0,1,0,0,1,1,ml/cache/crops/1513.jpg,ml/cache/masks/1513.png,rust
1515,2,1,1,0,0,2,2,ml/cache/crops/1515.jpg,ml/cache/masks/1515.png,rust
1516,2,0,1,0,0,2,1,ml/cache/crops/1516.jpg,ml/cache/masks/1516.png,rust
1518,2,0,1,0,0,1,1,ml/cache/crops/1518.jpg,ml/cache/masks/1518.png,rust
1520,2,0,1,0,0,2,1,ml/cache/crops/1520.jpg,ml/cache/masks/1520.png,rust
1522,2,0,1,0,0,1,1,ml/cache/crops/1522.jpg,ml/cache/masks/1522.png,rust
1523,2,0,1,0,1,1,2,ml/cache/crops/1523.jpg,ml/cache/masks/1523.png,rust
1527,2,0,1,0,0,3,1,ml/cache/crops/1527.jpg,ml/cache/masks/1527.png,rust
1528,2,0,1,0,0,1,1,ml/cache/crops/1528.jpg,ml/cache/masks/1528.png,rust
1529,2,0,1,0,0,1,1,ml/cache/crops/1529.jpg,ml/cache/masks/1529.png,rust
1531,2,0,1,0,0,2,1,ml/cache/crops/1531.jpg,ml/cache/masks/1531.png,rust
1532,2,1,1,0,0,1,2,ml/cache/crops/1532.jpg,ml/cache/masks/1532.png,rust
1535,2,0,1,0,0,1,1,ml/cache/crops/1535.jpg,ml/cache/masks/1535.png,rust
1537,2,1,1,0,0,2,2,ml/cache/crops/1537.jpg,ml/cache/masks/1537.png,rust
1541,2,0,1,0,0,2,1,ml/cache/crops/1541.jpg,ml/cache/masks/1541.png,rust
1544,2,0,1,0,0,2,1,ml/cache/crops/1544.jpg,ml/cache/masks/1544.png,rust
1546,2,0,1,0,1,1,2,ml/cache/crops/1546.jpg,ml/cache/masks/1546.png,rust
1547,2,0,1,0,0,2,1,ml/cache/crops/1547.jpg,ml/cache/masks/1547.png,rust
1549,4,0,0,0,1,1,1,ml/cache/crops/1549.jpg,ml/cache/masks/1549.png,cercospora
1550,4,0,0,0,1,1,1,ml/cache/crops/1550.jpg,ml/cache/masks/1550.png,cercospora
1551,2,0,1,0,1,1,2,ml/cache/crops/1551.jpg,ml/cache/masks/1551.png,rust
1552,2,0,1,0,0,1,1,ml/cache/crops/1552.jpg,ml/cache/masks/1552.png,rust
1553,4,0,0,0,1,1,1,ml/cache/crops/1553.jpg,ml/cache/masks/1553.png,cercospora
1554,2,0,1,0,0,2,1,ml/cache/crops/1554.jpg,ml/cache/masks/1554.png,rust
1555,4,1,0,0,1,1,2,ml/cache/crops/1555.jpg,ml/cache/masks/1555.png,cercospora
1559,2,0,1,0,0,1,1,ml/cache/crops/1559.jpg,ml/cache/masks/1559.png,rust
1560,2,0,1,0,0,1,1,ml/cache/crops/1560.jpg,ml/cache/masks/1560.png,rust
1561,2,0,1,0,0,3,1,ml/cache/crops/1561.jpg,ml/cache/masks/1561.png,rust
1563,2,0,1,0,0,1,1,ml/cache/crops/1563.jpg,ml/cache/masks/1563.png,rust
1570,2,0,1,0,1,1,2,ml/cache/crops/1570.jpg,ml/cache/masks/1570.png,rust
1571,2,1,1,0,0,1,2,ml/cache/crops/1571.jpg,ml/cache/masks/1571.png,rust
1572,2,0,1,0,0,2,1,ml/cache/crops/1572.jpg,ml/cache/masks/1572.png,rust
1573,4,0,0,0,1,2,1,ml/cache/crops/1573.jpg,ml/cache/masks/1573.png,cercospora
1576,4,0,0,0,1,1,1,ml/cache/crops/1576.jpg,ml/cache/masks/1576.png,cercospora
1581,2,0,1,0,0,3,1,ml/cache/crops/1581.jpg,ml/cache/masks/1581.png,rust
1582,4,0,0,0,1,1,1,ml/cache/crops/1582.jpg,ml/cache/masks/1582.png,cercospora
1583,2,0,1,0,1,1,2,ml/cache/crops/1583.jpg,ml/cache/masks/1583.png,rust
1585,1,1,0,0,0,1,1,ml/cache/crops/1585.jpg,ml/cache/masks/1585.png,leaf_miner
1586,2,0,1,0,1,3,2,ml/cache/crops/1586.jpg,ml/cache/masks/1586.png,rust
1590,2,0,1,0,0,3,1,ml/cache/crops/1590.jpg,ml/cache/masks/1590.png,rust
1591,4,0,0,0,1,1,1,ml/cache/crops/1591.jpg,ml/cache/masks/1591.png,cercospora
1593,2,0,1,0,0,1,1,ml/cache/crops/1593.jpg,ml/cache/masks/1593.png,rust
1594,2,0,1,0,0,1,1,ml/cache/crops/1594.jpg,ml/cache/masks/1594.png,rust
1595,2,0,1,0,0,1,1,ml/cache/crops/1595.jpg,ml/cache/masks/1595.png,rust
1597,2,0,1,0,0,1,1,ml/cache/crops/1597.jpg,ml/cache/masks/1597.png,rust
1598,2,0,1,0,1,1,2,ml/cache/crops/1598.jpg,ml/cache/masks/1598.png,rust
1599,2,0,1,0,1,1,2,ml/cache/crops/1599.jpg,ml/cache/masks/1599.png,rust
1600,2,0,1,0,0,1,1,ml/cache/crops/1600.jpg,ml/cache/masks/1600.png,rust
1605,2,0,1,0,1,2,2,ml/cache/crops/1605.jpg,ml/cache/masks/1605.png,rust
1607,2,0,1,0,0,2,1,ml/cache/crops/1607.jpg,ml/cache/masks/1607.png,rust
1608,4,0,0,0,1,1,1,ml/cache/crops/1608.jpg,ml/cache/masks/1608.png,cercospora
1609,2,0,1,0,1,2,2,ml/cache/crops/1609.jpg,ml/cache/masks/1609.png,rust
1611,4,0,0,0,1,1,1,ml/cache/crops/1611.jpg,ml/cache/masks/1611.png,cercospora
1613,2,0,1,0,1,3,2,ml/cache/crops/1613.jpg,ml/cache/masks/1613.png,rust
1614,2,0,1,0,1,1,2,ml/cache/crops/1614.jpg,ml/cache/masks/1614.png,rust
1616,2,0,1,0,0,2,1,ml/cache/crops/1616.jpg,ml/cache/masks/1616.png,rust
1618,4,0,1,0,1,2,2,ml/cache/crops/1618.jpg,ml/cache/masks/1618.png,cercospora
1620,2,0,1,0,1,2,2,ml/cache/crops/1620.jpg,ml/cache/masks/1620.png,rust
1621,4,0,0,0,1,1,1,ml/cache/crops/1621.jpg,ml/cache/masks/1621.png,cercospora
1622,2,0,1,0,0,1,1,ml/cache/crops/1622.jpg,ml/cache/masks/1622.png,rust
1623,2,0,1,0,1,4,2,ml/cache/crops/1623.jpg,ml/cache/masks/1623.png,rust
1624,0,0,0,0,0,0,0,ml/cache/crops/1624.jpg,ml/cache/masks/1624.png,healthy
1625,4,0,1,0,1,1,2,ml/cache/crops/1625.jpg,ml/cache/masks/1625.png,cercospora
1626,2,0,1,0,0,1,1,ml/cache/crops/1626.jpg,ml/cache/masks/1626.png,rust
1628,2,0,1,0,0,1,1,ml/cache/crops/1628.jpg,ml/cache/masks/1628.png,rust
1629,2,0,1,0,0,2,1,ml/cache/crops/1629.jpg,ml/cache/masks/1629.png,rust
1630,4,0,0,0,1,1,1,ml/cache/crops/1630.jpg,ml/cache/masks/1630.png,cercospora
1631,4,0,0,0,1,1,1,ml/cache/crops/1631.jpg,ml/cache/masks/1631.png,cercospora
1632,2,1,1,0,0,2,2,ml/cache/crops/1632.jpg,ml/cache/masks/1632.png,rust
1633,2,0,1,0,1,4,2,ml/cache/crops/1633.jpg,ml/cache/masks/1633.png,rust
1634,4,0,1,0,1,1,2,ml/cache/crops/1634.jpg,ml/cache/masks/1634.png,cercospora
1635,2,0,1,0,1,2,2,ml/cache/crops/1635.jpg,ml/cache/masks/1635.png,rust
1636,4,0,1,0,1,1,2,ml/cache/crops/1636.jpg,ml/cache/masks/1636.png,cercospora
1639,2,0,1,0,1,1,2,ml/cache/crops/1639.jpg,ml/cache/masks/1639.png,rust
1641,2,0,1,0,0,1,1,ml/cache/crops/1641.jpg,ml/cache/masks/1641.png,rust
1642,4,0,1,0,1,3,2,ml/cache/crops/1642.jpg,ml/cache/masks/1642.png,cercospora
1645,2,0,1,0,1,1,2,ml/cache/crops/1645.jpg,ml/cache/masks/1645.png,rust
1646,2,0,1,0,1,2,2,ml/cache/crops/1646.jpg,ml/cache/masks/1646.png,rust
1647,2,0,1,0,1,4,2,ml/cache/crops/1647.jpg,ml/cache/masks/1647.png,rust
1649,2,0,1,0,0,1,1,ml/cache/crops/1649.jpg,ml/cache/masks/1649.png,rust
1650,2,0,1,0,0,1,1,ml/cache/crops/1650.jpg,ml/cache/masks/1650.png,rust
1653,4,0,0,0,1,1,1,ml/cache/crops/1653.jpg,ml/cache/masks/1653.png,cercospora
1654,4,0,0,0,1,1,1,ml/cache/crops/1654.jpg,ml/cache/masks/1654.png,cercospora
1655,4,0,0,0,1,1,1,ml/cache/crops/1655.jpg,ml/cache/masks/1655.png,cercospora
1656,2,0,1,0,0,1,1,ml/cache/crops/1656.jpg,ml/cache/masks/1656.png,rust
1657,2,0,1,0,1,2,2,ml/cache/crops/1657.jpg,ml/cache/masks/1657.png,rust
1658,4,0,1,0,1,1,2,ml/cache/crops/1658.jpg,ml/cache/masks/1658.png,cercospora
1659,4,0,1,0,1,2,2,ml/cache/crops/1659.jpg,ml/cache/masks/1659.png,cercospora
1662,2,0,1,0,0,2,1,ml/cache/crops/1662.jpg,ml/cache/masks/1662.png,rust
1663,4,0,1,0,1,2,2,ml/cache/crops/1663.jpg,ml/cache/masks/1663.png,cercospora
1664,2,0,1,0,0,1,1,ml/cache/crops/1664.jpg,ml/cache/masks/1664.png,rust
1666,2,0,1,0,1,2,2,ml/cache/crops/1666.jpg,ml/cache/masks/1666.png,rust
1667,2,0,1,0,0,1,1,ml/cache/crops/1667.jpg,ml/cache/masks/1667.png,rust
1668,2,0,1,0,1,1,2,ml/cache/crops/1668.jpg,ml/cache/masks/1668.png,rust
1669,4,0,1,0,1,1,2,ml/cache/crops/1669.jpg,ml/cache/masks/1669.png,cercospora
1671,2,0,1,0,0,1,1,ml/cache/crops/1671.jpg,ml/cache/masks/1671.png,rust
1672,2,0,1,0,1,2,2,ml/cache/crops/1672.jpg,ml/cache/masks/1672.png,rust
1673,4,0,0,0,1,1,1,ml/cache/crops/1673.jpg,ml/cache/masks/1673.png,cercospora
1674,2,0,1,0,0,1,1,ml/cache/crops/1674.jpg,ml/cache/masks/1674.png,rust
1675,4,0,0,0,1,1,1,ml/cache/crops/1675.jpg,ml/cache/masks/1675.png,cercospora
1677,4,0,0,0,1,1,1,ml/cache/crops/1677.jpg,ml/cache/masks/1677.png,cercospora
1678,2,0,1,0,1,2,2,ml/cache/crops/1678.jpg,ml/cache/masks/1678.png,rust
1680,2,0,1,0,1,2,2,ml/cache/crops/1680.jpg,ml/cache/masks/1680.png,rust
1681,2,0,1,0,1,2,2,ml/cache/crops/1681.jpg,ml/cache/masks/1681.png,rust
1682,2,0,1,0,0,1,1,ml/cache/crops/1682.jpg,ml/cache/masks/1682.png,rust
1684,2,0,1,0,0,1,1,ml/cache/crops/1684.jpg,ml/cache/masks/1684.png,rust
1685,0,0,0,0,0,0,0,ml/cache/crops/1685.jpg,ml/cache/masks/1685.png,healthy
1686,4,0,1,0,1,2,2,ml/cache/crops/1686.jpg,ml/cache/masks/1686.png,cercospora
1688,2,0,1,0,0,2,1,ml/cache/crops/1688.jpg,ml/cache/masks/1688.png,rust
1692,2,0,1,0,1,1,2,ml/cache/crops/1692.jpg,ml/cache/masks/1692.png,rust
1694,2,0,1,0,1,1,2,ml/cache/crops/1694.jpg,ml/cache/masks/1694.png,rust
1695,2,0,1,0,0,2,1,ml/cache/crops/1695.jpg,ml/cache/masks/1695.png,rust
1697,4,0,1,0,1,2,2,ml/cache/crops/1697.jpg,ml/cache/masks/1697.png,cercospora
1698,2,0,1,0,1,2,2,ml/cache/crops/1698.jpg,ml/cache/masks/1698.png,rust
1699,2,0,1,0,0,1,1,ml/cache/crops/1699.jpg,ml/cache/masks/1699.png,rust
1700,4,0,0,0,1,1,1,ml/cache/crops/1700.jpg,ml/cache/masks/1700.png,cercospora
1701,2,0,1,0,0,2,1,ml/cache/crops/1701.jpg,ml/cache/masks/1701.png,rust
1704,2,1,1,0,1,4,3,ml/cache/crops/1704.jpg,ml/cache/masks/1704.png,rust
1705,2,0,1,0,0,3,1,ml/cache/crops/1705.jpg,ml/cache/masks/1705.png,rust
1706,4,0,0,0,1,1,1,ml/cache/crops/1706.jpg,ml/cache/masks/1706.png,cercospora
1708,4,0,0,0,1,1,1,ml/cache/crops/1708.jpg,ml/cache/masks/1708.png,cercospora
1709,2,0,1,0,1,1,2,ml/cache/crops/1709.jpg,ml/cache/masks/1709.png,rust
1710,2,0,1,0,1,2,2,ml/cache/crops/1710.jpg,ml/cache/masks/1710.png,rust
1711,4,0,1,0,1,1,2,ml/cache/crops/1711.jpg,ml/cache/masks/1711.png,cercospora
1712,2,0,1,0,0,1,1,ml/cache/crops/1712.jpg,ml/cache/masks/1712.png,rust
1714,1,1,0,0,0,1,1,ml/cache/crops/1714.jpg,ml/cache/masks/1714.png,leaf_miner
1716,2,0,1,0,1,2,2,ml/cache/crops/1716.jpg,ml/cache/masks/1716.png,rust
1717,2,1,1,0,0,1,2,ml/cache/crops/1717.jpg,ml/cache/masks/1717.png,rust
1718,4,0,0,0,1,1,1,ml/cache/crops/1718.jpg,ml/cache/masks/1718.png,cercospora
1719,4,0,0,0,1,1,1,ml/cache/crops/1719.jpg,ml/cache/masks/1719.png,cercospora
1724,4,0,1,0,1,1,2,ml/cache/crops/1724.jpg,ml/cache/masks/1724.png,cercospora
1725,4,0,0,0,1,1,1,ml/cache/crops/1725.jpg,ml/cache/masks/1725.png,cercospora
1726,2,0,1,0,1,1,2,ml/cache/crops/1726.jpg,ml/cache/masks/1726.png,rust
1727,4,0,1,0,1,2,2,ml/cache/crops/1727.jpg,ml/cache/masks/1727.png,cercospora
1728,4,0,1,0,1,1,2,ml/cache/crops/1728.jpg,ml/cache/masks/1728.png,cercospora
1729,2,0,1,0,0,1,1,ml/cache/crops/1729.jpg,ml/cache/masks/1729.png,rust
1730,4,0,1,0,1,1,2,ml/cache/crops/1730.jpg,ml/cache/masks/1730.png,cercospora
1732,4,0,1,0,1,1,2,ml/cache/crops/1732.jpg,ml/cache/masks/1732.png,cercospora
1734,2,0,1,0,0,1,1,ml/cache/crops/1734.jpg,ml/cache/masks/1734.png,rust
1736,3,0,0,1,0,1,1,ml/cache/crops/1736.jpg,ml/cache/masks/1736.png,phoma
1737,2,0,1,0,1,2,2,ml/cache/crops/1737.jpg,ml/cache/masks/1737.png,rust
1740,2,0,1,0,0,1,1,ml/cache/crops/1740.jpg,ml/cache/masks/1740.png,rust
1741,4,0,1,0,1,2,2,ml/cache/crops/1741.jpg,ml/cache/masks/1741.png,cercospora
1743,2,0,1,0,0,2,1,ml/cache/crops/1743.jpg,ml/cache/masks/1743.png,rust
1744,2,0,1,0,1,2,2,ml/cache/crops/1744.jpg,ml/cache/masks/1744.png,rust
1745,4,0,1,0,1,1,2,ml/cache/crops/1745.jpg,ml/cache/masks/1745.png,cercospora
1746,4,0,0,0,1,1,1,ml/cache/crops/1746.jpg,ml/cache/masks/1746.png,cercospora
1747,2,0,1,0,1,1,2,ml/cache/crops/1747.jpg,ml/cache/masks/1747.png,rust
